{"type":"Topology","arcs":[[[69074,83353],[102,-55],[186,-292],[152,-136],[158,-70],[208,-19],[291,-159],[-10,-106],[148,-74],[-113,-144],[-145,17],[-168,-220],[-410,-147],[-171,139],[-530,160],[-239,-1],[-47,179],[-213,46],[-102,-43],[-112,-330],[-176,-90],[-106,-102],[-255,-18],[-106,-180],[-22,-257],[32,-264],[-112,-136],[-274,-56],[-304,-127],[-205,-354],[-81,-13],[-146,123],[-238,-23],[-213,233],[-171,414],[35,325],[58,290],[226,322],[38,226],[177,78],[69,418],[-32,179],[-52,242],[-171,268],[-197,250],[-124,63],[-270,36],[-224,393],[-262,54],[-79,147],[-34,231],[56,194],[187,194],[92,332],[-24,301],[-91,396],[174,235],[217,117],[405,-1],[151,168],[311,180],[91,209],[124,13],[126,-78],[31,-115],[225,44],[24,263],[195,193],[75,147],[140,172],[422,257],[10,146],[-64,13],[-247,415],[-68,95],[-267,183],[-143,199],[47,285],[90,159],[268,66],[284,191],[288,-277],[200,-78],[50,-142],[221,-65],[297,-123],[70,-142],[190,29],[281,54],[31,67],[347,60],[56,-267],[225,-51],[284,-128],[385,187],[114,6],[-7,67],[219,222],[298,392],[13,429],[-205,329],[-54,204],[95,223],[-125,273],[-90,343],[33,111],[133,259],[102,90],[380,128],[88,96],[150,-5],[188,210],[79,99],[87,327],[43,139],[-35,559],[12,313],[-36,484],[142,164],[103,215],[141,187],[52,185],[10,287],[91,241],[21,274],[-57,536],[-54,238],[-101,332],[-21,101],[-263,616],[-288,562],[-41,118],[-16,294],[115,130],[46,194],[162,274],[-91,255],[279,-111],[352,49],[227,125],[84,130],[6,161],[217,128],[128,-190],[188,-135],[122,-242],[447,-282],[456,-547],[233,-239],[287,-303],[284,-260],[148,-137],[33,-162],[147,-140],[31,-187],[178,-161],[376,-559],[432,-380],[197,-166],[374,-430],[424,-293],[442,-271],[235,-185],[304,-170],[75,-158],[133,-95],[579,-273],[509,-208],[328,-111],[719,-208],[614,-115],[375,-64],[118,34],[18,-332],[131,-97],[37,-166],[236,-136],[508,-119],[242,-33],[592,-11],[337,58],[205,199],[253,158],[58,121],[262,185],[97,148],[653,428],[128,242],[434,444],[111,-330],[-70,-225],[-161,-255],[-165,-144],[-92,-230],[20,-98],[-346,-402],[-237,-431],[18,-141],[-57,-187],[-87,-70],[31,-273],[362,-511],[318,-113],[0,-6],[-180,-28],[151,-318],[95,-487],[109,-263],[134,-182],[251,-221],[393,-131],[113,190],[448,312],[46,83],[178,-35],[249,39],[181,-19],[-5,-108],[-200,-123],[-149,-9],[-183,-88],[-233,-42],[-164,-133],[-136,-440],[-615,-21],[-173,-44],[-120,-2],[-364,-171],[-134,63],[-205,-139],[8,-166],[-131,-198],[-189,-62],[-30,-140],[-109,-28],[-93,-60],[-339,18],[-188,158],[76,142],[-197,48],[-96,-33],[-194,-229],[-23,-116],[229,-208],[-411,23],[-171,59],[-393,-2],[-165,-46],[-428,122],[-11,86],[-255,84],[-296,-30],[-323,-96],[-540,-263],[-522,-368],[-688,-607],[-228,-203],[-414,-452],[-345,-447],[-178,-294],[-225,-452],[-84,-356],[107,-198],[-46,-195],[-46,-498],[-199,-227],[-77,-269],[-174,48],[-122,114],[-113,212],[-256,156],[-253,114],[-136,149],[-398,89],[-189,26],[-207,154],[-348,80],[-83,82],[-251,163],[-415,142],[-144,152],[-141,29],[-261,153],[42,56],[-42,-56],[-219,145],[-214,219],[-108,119],[-204,85],[-252,19],[-187,71],[-233,203],[-347,273],[-257,113],[-43,-39],[-50,63],[-269,55],[-354,14],[-385,-87],[-409,-174],[-302,-177],[-510,-386],[-72,-10],[-128,-59],[-224,-188],[-169,-226],[-209,-234],[-219,81],[-47,75],[200,98],[-285,110],[-48,222],[-84,145],[-352,216],[-13,97],[-206,223],[-113,67],[-224,-5],[-218,-86],[-173,96],[-237,7],[-205,-170],[-224,-278],[-137,-239],[-133,-318],[-73,-420],[79,-195],[202,-89],[153,-12],[267,-214],[224,-226],[269,-96],[467,140],[215,-112],[2,-80],[227,-295],[167,-117]],[[88428,90174],[194,-61],[27,-124],[-186,23],[-35,162]],[[89384,90581],[165,-78],[48,-191],[-277,-144],[-58,158],[-117,125],[239,130]],[[64042,84493],[-36,-204],[-108,-108],[-6,-226],[-92,-256],[-203,-88],[-67,34],[-12,304],[-65,194],[113,180],[91,-2],[350,109],[35,63]],[[69473,99572],[171,-144],[127,98],[41,-222],[1,-414],[-40,-192],[-166,241],[-79,254],[46,191],[-101,188]],[[70543,97869],[-73,-6],[-331,290],[-34,244],[65,51],[192,166],[140,-122],[174,-14],[170,-221],[22,-159],[-170,-166],[-155,-63]],[[88439,93140],[-78,-119],[-17,-180],[-184,-41],[-114,-242],[-37,-180],[-291,-106],[-206,-2],[-285,-316],[-14,-323],[-82,-196],[-228,11],[-228,-54],[-54,142],[27,147],[-69,280],[129,36],[87,183],[490,295],[16,76],[317,205],[3,63],[245,120],[11,251],[428,455],[119,218],[308,229],[134,192],[20,201],[136,129],[146,297],[193,173],[124,30],[250,-152],[46,-118],[391,-185],[508,14],[308,32],[-135,-276],[-137,-48],[-147,91],[-210,-86],[-79,-180],[-276,-212],[-494,-20],[-241,-54],[-186,-187],[-48,-173],[-249,-69],[-285,-224],[-62,-127]],[[92082,92173],[64,-23],[207,-244],[-227,-89],[-232,-169],[2,-81],[-353,-61],[-33,-127],[-117,-58],[-163,167],[-113,285],[373,108],[330,204],[262,88]],[[96245,97262],[-250,-30],[-251,-84],[-162,87],[-60,166],[-246,-13],[-182,-178],[-21,-103],[108,-119],[-164,-282],[-216,-184],[-172,-67],[-429,-254],[-192,-148],[-266,-358],[-25,-118],[-198,-187],[-241,-64],[-144,44],[-131,-62],[-179,-174],[-144,-316],[-178,-118],[-192,28],[-135,93],[64,222],[233,163],[68,104],[-85,113],[13,126],[222,-148],[125,104],[82,291],[103,-105],[143,26],[322,337],[-20,240],[-293,66],[-52,161],[118,73],[240,-150],[204,59],[69,253],[269,116],[244,145],[221,247],[204,80],[78,376],[0,139],[478,-95],[154,81],[4,174],[165,285],[531,165],[-1,313],[-89,319],[106,202],[188,148],[140,-78],[30,-190],[229,-515],[156,-55],[373,-4],[415,64],[253,78],[402,298],[163,320],[272,175],[83,149],[234,91],[47,133],[442,82],[173,-10],[218,-81],[86,-83],[0,-150],[-197,-104],[-36,-170],[179,-185],[-131,-243],[-250,-64],[-149,69],[-341,-29],[-294,-68],[-305,-284],[-230,-17],[-126,-95],[-321,-52],[-210,-150],[-634,-360],[-351,-361],[-95,-148],[-263,-152]],[[68288,78372],[120,-413],[178,-143],[256,51],[215,226],[-6,70],[-15,249],[105,242],[222,-63],[223,-273],[257,-111],[76,-127],[70,-63],[179,29],[118,125],[161,309],[82,381],[16,242],[118,217],[-86,298],[-219,275],[-146,27],[-178,-303],[-237,-146],[-269,77],[-143,-118],[-350,-58],[-167,-159],[-181,95],[0,223],[54,70],[5,187],[62,136],[12,199],[68,81],[63,313],[213,297],[192,281],[246,-200],[226,-13],[213,-129],[297,-322],[210,-126],[194,-46],[139,27],[266,127],[140,141],[82,-151],[-57,-75],[-153,-575],[-67,-417],[29,-101],[11,-161],[-48,-323],[-1,-383],[26,-286],[55,-467],[122,-548],[92,-322],[155,-277],[83,-63],[145,51],[185,-130],[130,-181],[148,-113]],[[72224,76032],[-5,-2],[-3,-1],[-10,0],[-85,-93],[-3,-5],[-9,-4],[-125,-32],[-14,-3],[-7,-5],[-5,-8],[1,-5],[-2,-3],[-3,-2],[0,0],[-10,-1],[-27,-4],[-28,-10],[-13,-15],[-8,-9],[-11,0],[-5,-135],[-16,-8],[-1,-3],[0,-10],[0,0],[-17,-15],[-80,-44],[-9,-12],[-3,-5],[-10,-4],[-27,-25],[0,-5],[-2,-1],[-17,-11],[-10,-2],[0,0],[1,6],[-212,123],[-4,6],[-2,0],[-9,-1],[-24,2],[-18,4],[-13,-10],[-25,-2],[-40,-3],[-9,7],[-7,2],[-1,0],[-15,-11],[-134,-42],[-8,9],[-14,3],[-17,-25],[1,-6],[0,0],[0,0],[-1,-1],[-9,-1],[-152,-137],[-1,17],[-5,2],[-8,-1],[-5,4],[9,12],[-60,109],[-11,2],[-7,6],[-2,10],[-8,1],[-2,1],[-3,6],[0,13],[-15,1],[-2,5],[-7,3],[-4,4],[-1,1],[-3,-1],[-6,-8],[-85,-90],[-170,-50],[-196,-157],[-111,-4],[-28,-4],[-8,-5],[-21,-17],[-30,-4],[-4,-3],[-26,3],[-6,-5],[-142,-86],[25,-102],[-9,-16],[-21,-5],[-85,-10],[-195,-145],[-15,-7],[-21,-2],[-1,-1],[-2,-7],[-123,13],[-16,-5],[-2,0],[-1,1],[-4,12],[-75,90],[-12,13],[-1,9],[0,5]],[[69422,75081],[-3,14],[0,137],[10,9],[2,4],[-2,11],[44,253],[91,53],[6,3],[0,2],[-3,4],[-7,71],[6,1],[3,1],[4,3],[-1,4],[4,6],[0,10],[-6,14],[2,4],[0,1],[-4,3],[-11,8],[-1,1],[-8,15],[-8,19],[-3,8],[-1,4],[4,13],[0,11],[6,5],[0,1],[0,0],[0,15],[-7,12],[-1,5],[2,6],[-16,11],[2,21],[2,9],[1,7],[-14,8],[0,7],[1,3],[11,7],[12,13],[-1,26],[0,0],[-4,5],[-22,4],[-24,9],[-134,-26],[-7,-11],[-10,-8],[-24,-1],[-1,1],[-25,28],[-226,63],[72,326],[-214,-63],[-16,-6],[-1,0],[-6,-14],[-35,-53],[8,-15],[-1,-2],[-2,-7],[-8,-26],[0,-1],[1,-20],[0,-7],[-5,-15],[-7,-32],[-3,-22],[-1,-1],[-5,-5],[-12,3],[-5,1],[-23,0],[-8,13],[0,10],[-4,7],[-3,4],[-8,2],[-5,-2],[-7,-3],[-12,-3],[-19,-14],[-12,-5],[-2,0],[-4,3],[-8,9],[-25,-13],[-6,-16],[-87,-39],[-16,1],[-2,-1],[-1,0],[-4,-16],[-185,-92],[-11,0],[-14,-5],[-8,-7],[-1,-5],[-2,-3],[-9,-3],[-320,115],[-1,0],[0,-16],[-4,-11],[-5,-4],[-8,-2],[-10,4],[-16,-4],[-58,-144],[-17,-5],[-6,4],[-8,6],[-19,7],[-76,121],[-3,14],[-1,4],[-2,1],[-6,3],[-74,-13],[-189,131],[-62,-29],[-12,-1],[0,11],[-11,15],[2,15],[-5,3],[2,23],[0,4],[-2,2],[-12,10],[-1,19],[7,9],[0,5],[8,15],[0,1],[0,0],[-7,9],[-159,23],[-17,3],[-5,6],[-6,0],[-12,-8],[-19,-33],[-4,-8],[-20,-1],[-95,-41],[0,-1],[1,-5],[-1,-18],[-17,-4],[-1,-3],[3,-21],[-34,-80],[-140,32],[-28,1],[-3,0],[-10,-7],[-21,5],[-13,0],[-18,-14],[-411,-15],[-19,-2],[-5,-2],[-27,-13],[-10,-5],[-7,2],[-4,1],[-1,1],[-6,8],[-1,2],[-21,-2],[-116,-11],[-15,2],[-1,0],[-10,24],[-29,39],[8,18],[-23,28],[-43,26],[-13,11],[-1,0],[-4,-4],[-7,-4],[-4,-2],[-4,0],[-4,2],[-3,3],[-6,12],[-8,2],[0,0],[-1,0],[-6,-2],[-14,-4],[-9,1],[-5,-2],[-121,-64],[-10,-3],[-5,-3],[-4,-4],[-9,-12],[-184,-105],[-141,7]],[[65496,75929],[52,307],[-37,279],[-84,154],[-190,-8],[-31,150],[290,181],[108,134],[114,243],[241,161],[256,-125],[83,44],[229,158],[178,70],[88,171],[112,376],[66,389],[20,263],[-71,239],[-73,64],[159,186],[2,280],[52,138],[-3,56],[78,-51],[51,-12],[285,-276],[198,10],[103,142],[259,-22],[191,-206],[-47,-350],[59,-322],[54,-380]],[[72224,76032],[343,-490],[85,-237],[89,-112],[55,-237],[-91,-27],[-10,-152],[118,-24],[157,-161],[-128,-60],[-65,-137],[98,-233],[104,-20],[104,-174],[156,-107],[50,-195],[-73,-125],[77,-151],[68,-264],[76,-250],[-60,-208],[16,-217],[-84,-235],[-23,-242],[226,321],[60,-376],[156,-128],[-134,-71],[-111,-141],[-204,-125],[64,-159],[244,193],[88,-65],[-88,-235],[-324,-88],[-54,-72],[75,-134],[-163,-47],[33,-60],[228,29],[-48,-123],[-247,-16],[64,-135],[-97,-68],[116,-213],[-192,-79],[0,0],[0,0],[-28,14],[-22,-25],[65,-77],[146,-16],[-124,-123],[-198,-40],[298,-196],[-117,-73],[-88,66],[-191,25],[99,-396],[-222,17],[-251,-195],[0,-1],[0,-1],[49,-147],[-115,-58],[-117,181],[-132,-51]],[[72030,69086],[-10,-2],[-12,4],[-14,7],[-11,6],[-2,1],[-9,13],[-18,12],[-5,5],[-15,13],[-7,9],[-96,8],[-20,2],[-15,18],[-149,16],[-35,-14],[-1,-1],[-25,32],[6,15],[-37,6],[-39,-19],[-23,2],[-6,-4],[-4,-3],[-4,-13],[-13,-59],[-8,-19],[1,0],[6,-10],[5,-22],[8,-12],[6,-28],[-4,-262],[-84,-88],[-6,-14],[0,-1],[-18,-7],[-29,-22],[-10,-15],[1,-20],[30,-264],[-5,-9],[-13,-11],[-87,6],[-9,-8],[8,-19],[4,-70],[13,-23],[1,0],[10,2],[4,-6],[-1,-2],[-6,-15],[-58,-36],[0,-13],[-4,-2],[-4,-2],[-13,0],[-13,-13],[-15,-1],[0,0],[-2,3],[4,10],[-1,5],[-1,6],[9,9],[12,45],[-5,0],[2,8],[-74,57],[-8,7],[-3,-1],[-12,-6],[-36,-11],[-5,1],[-2,2],[-5,9],[-8,18],[-11,8],[-4,16],[-10,2],[-9,6],[0,1],[-7,-5],[-46,19],[-10,0],[0,0],[-4,-5],[-4,-6],[-12,-5],[-1,-1],[-13,0],[-80,46],[-14,22],[-1,0],[-11,-5],[-62,-135],[-152,-92],[-8,-15],[-1,-19],[7,-23],[-2,-2],[-11,-8],[-148,-52],[-114,146],[-21,22],[-7,-10],[-32,-15],[-7,-7],[-4,-1],[-1,1],[-1,6],[-14,15],[-11,-2],[-5,3],[-2,2],[-6,0],[-1,0],[-4,4],[-60,30],[-8,5],[8,22],[2,60],[5,17],[-10,11],[-62,10],[1,15],[4,4],[4,6],[-9,17],[-2,1],[-10,2],[-10,-6],[-7,-11],[-9,5],[-7,0],[-13,8],[-8,-3],[-5,-9],[-1,1],[-2,8],[-2,9],[3,51],[5,3],[13,-3],[42,-11],[14,7],[20,13],[3,3],[1,10],[37,41],[26,25],[-3,10],[-17,75],[-6,14],[-16,-2],[-169,50],[-177,-40],[-9,-10],[-1,-1],[-12,4],[-10,-3],[-2,0],[-6,4],[-73,33],[-13,-17],[-7,-1],[-21,-10],[-5,1],[-7,8],[-2,2],[-5,3],[-27,-23],[-15,-11],[-3,1],[-15,3],[-11,17],[-7,12],[-2,9],[-10,2],[0,7],[-9,3],[-3,6],[-11,1],[-66,105],[-281,85],[-167,126],[-3,14],[-17,5],[-33,25],[-21,-2],[-31,4],[-94,-19],[-18,-10],[-21,4],[-10,-5],[-1,0],[0,0]],[[68723,69027],[-35,194],[61,62],[-1,9],[5,4],[8,5],[5,15],[3,9],[19,10],[9,20],[67,138],[-62,92],[-160,43],[67,179],[-81,65],[97,140],[98,34],[28,13],[5,2],[0,10],[-42,45],[-23,-5],[-10,-2],[-15,11],[-24,18],[-30,-6],[-2,4],[-5,5],[-3,3],[-13,9],[0,5],[11,27],[-4,18],[0,0],[0,0],[-12,14],[-2,8],[11,12],[88,106],[-273,161],[-94,126],[40,137],[17,5],[4,2],[-4,20],[-6,1],[-3,15],[-3,9],[0,1],[-6,2],[-95,201],[-14,12],[-3,0],[-15,-2],[-6,-7],[-12,1],[-4,6],[-28,15],[-6,2],[-12,10],[5,12],[3,1],[3,2],[5,15],[4,4],[-1,6],[1,1],[4,3],[17,15],[-23,35],[3,18],[6,-3],[65,22],[9,-8],[1,-1],[5,3],[19,58],[2,18],[-2,12],[-1,4],[-11,20],[-9,6],[-10,11],[-3,12],[5,6],[44,74],[27,8],[6,6],[14,11],[1,1],[6,1],[132,243],[-41,171],[12,32],[0,1],[1,0],[22,-4],[100,93],[7,14],[9,4],[47,34],[3,20],[10,9],[2,9],[19,-3],[17,0],[5,-1],[6,-1],[3,1],[5,3],[1,0],[3,6],[0,1],[9,6],[5,7],[7,9],[2,2],[-1,5],[72,181],[-2,170],[-179,220],[-1,7],[19,11],[4,6],[26,1],[38,14],[179,235],[8,4],[8,5],[-3,5],[-14,31],[-10,20],[-6,2],[-5,-3],[-13,8],[-38,15],[-9,21],[-4,4],[-12,7],[-117,46],[-18,8],[-1,2],[-1,9],[0,4],[12,17],[1,23],[-5,11],[7,9],[9,24],[-3,15],[-3,31],[-18,9],[0,0],[-3,29],[0,3],[7,7],[2,10],[6,2],[1,5],[7,6],[155,51],[5,-13],[11,0],[1,-1],[7,-10],[1,-4],[-8,-11],[46,-19],[-6,-7],[8,-7],[7,-6],[2,-2],[6,-3],[15,-7],[8,4],[3,2],[5,12],[64,16],[16,6],[0,0],[5,18],[0,27],[-9,28],[-34,58],[-1,45],[0,1],[-11,21],[-8,6],[-32,26],[4,131],[6,7],[-9,10],[-4,10],[-21,6],[-1,2],[-1,3],[3,12],[1,217],[10,17],[2,1],[7,5],[6,4],[1,4],[0,3],[-3,5],[-7,10],[-5,51],[-5,10],[7,14],[-20,144],[-10,38],[0,2],[1,5],[2,1],[23,13],[11,19],[1,13],[1,1],[13,7],[82,116],[6,12],[0,1],[-10,6],[-27,4],[48,194],[-77,31],[-8,9],[-1,9],[-5,5],[-3,12],[3,7],[1,2],[30,21],[1,0],[15,3],[12,6],[131,206],[130,92],[5,13],[2,2],[1,1],[14,2],[23,3],[1,0]],[[72030,69086],[74,-320],[-229,-109],[1,-254],[-275,-172],[25,-194],[150,-47],[2,-123],[-157,-5],[-291,-246],[284,-118],[1,-102],[-143,-127],[20,-488],[20,-145],[-95,-163],[0,0],[129,-78],[70,-235],[15,-226],[-287,90],[-127,129],[96,118],[-165,138],[-144,-64],[-35,128],[-417,-40],[-286,-141],[-184,21],[-148,8],[-110,-146],[-88,-52],[1,1],[0,0],[59,-38],[-64,-126],[158,69],[32,-125],[-173,-52],[1,-43],[-41,13],[11,23],[2,1],[-8,7],[-9,1],[-128,-247],[-129,-260],[-119,-191],[-35,-407],[-26,-250],[-63,-2],[63,1],[62,-457]],[[69330,64041],[-18,-2],[-9,-3],[-2,-14],[-11,0],[-2,0],[-3,12],[-77,25],[4,11],[-1,7],[0,2],[-8,-4],[-8,-5],[-9,-1],[-16,-4],[-35,-16],[-8,-2],[-32,-5],[-53,-25],[4,-7],[-3,-14],[0,-19],[1,0],[1,0],[1,-4],[7,-6],[7,-5],[-29,-130],[-10,-4],[-2,-6],[0,-1],[14,-35],[0,-26],[-5,-21],[-2,-9],[1,-1],[12,-1],[-8,-105],[7,-8],[8,-9],[2,-2],[-13,-21],[0,-6],[-10,-9],[-16,1],[-8,-2],[-17,4],[-224,40],[-14,3],[-1,1],[-6,4],[-4,0],[-7,0],[-5,-9],[-2,-15],[-25,-10],[-5,-3],[-3,-7],[0,-1],[4,-3],[1,0],[9,8],[17,-2],[1,-1],[1,-7],[0,-1],[4,-6],[20,-15],[13,3],[1,-3],[2,-5],[14,-4],[62,-43],[-13,-8],[-2,-10],[-17,-12],[-11,-1],[-8,5],[-11,3],[-16,14],[-282,110],[-27,8],[-1,1],[-22,-3],[-10,3],[3,4],[1,2],[-13,14],[-34,119],[21,264],[-262,93],[-7,17],[-3,2],[-9,8],[-53,-22],[-5,2],[-9,-14],[-8,-6],[-1,0],[-4,4],[-15,-3],[-11,7],[-15,5],[-4,3],[-10,13],[-20,10],[-6,15],[-43,2],[6,-13],[-4,-1],[2,-14],[-8,-5],[-2,-2],[-13,-3],[-12,-3],[-54,-8],[-7,1],[-7,-1],[-63,-1],[-7,2],[-1,0],[-6,-3],[-5,-7],[1,-9],[-1,-1],[-5,-1],[-4,-1],[-1,0],[-15,9],[-57,-25],[-11,3],[-9,-4],[-5,1],[0,0],[-1,1],[-14,7],[0,0],[-4,2],[0,8],[-51,82],[-5,12],[3,10],[22,99],[-158,33],[-102,93],[-35,3],[-18,-7],[-6,-9],[-14,-8],[-8,-14],[-3,-6],[1,-44],[-4,-3],[1,-4],[1,-4],[-2,-3],[-1,-1],[-3,1],[-43,13],[-65,-15],[-9,-5],[-12,-4],[-2,0],[-30,7],[-151,75],[-3,6],[-23,6],[-62,30]],[[66821,64419],[-2,7],[-9,12],[-1,2],[-8,4],[7,43],[-2,8],[1,2],[3,5],[9,7],[-2,151],[-11,3],[-2,11],[5,10],[-4,15],[11,18],[12,42],[5,5],[-11,9],[-6,10],[-1,6],[-2,1],[-4,2],[19,16],[115,-12],[15,7],[4,-2],[184,-8],[27,2],[14,3],[9,15],[4,4],[14,11],[-1,17],[138,61],[26,188],[8,15],[6,5],[13,11],[37,13],[18,0],[1,65],[1,0],[15,16],[116,163],[-35,249],[-7,37],[2,12],[4,19],[2,10],[5,4],[-12,21],[3,13],[3,27],[0,19],[7,12],[34,7],[24,6],[10,8],[10,113],[-3,8],[1,1],[0,2],[8,0],[128,82],[7,3],[-4,8],[-27,116],[1,9],[-1,2],[4,17],[13,19],[2,2],[2,2],[17,14],[6,3],[3,2],[27,0],[33,47],[11,19],[7,1],[9,6],[17,-1],[9,-1],[0,0],[17,38],[34,31],[7,4],[-5,12],[-22,71],[0,14],[3,8],[6,3],[18,21],[8,69],[0,10],[6,2],[5,8],[3,2],[7,4],[1,0],[14,-6],[71,25],[21,43],[1,0],[23,4],[1,2],[0,1],[0,0],[-84,149],[-119,67],[-35,134],[-10,1],[0,1],[-2,5],[4,11],[-5,15],[-3,6],[0,11],[0,2],[8,9],[71,110],[12,6],[4,4],[-2,8],[-6,2],[-6,8],[2,11],[-8,8],[-120,250],[-19,22],[0,7],[25,59],[5,11],[18,-9],[15,-5],[3,-2],[9,3],[153,-41],[16,3],[5,4],[62,149],[9,17],[-4,8],[7,34],[11,8],[0,2],[1,1],[-5,13],[3,6],[0,1],[-1,1],[-9,18],[-2,4],[0,2],[9,7],[-35,17],[-9,0],[-6,2],[-13,6],[0,1],[9,23],[100,245],[-122,107],[-24,123],[-8,6],[0,1],[4,15],[3,5],[9,8],[1,8],[-4,17],[0,3],[0,11],[-1,2],[-20,8],[-210,192],[1,12],[5,6],[22,52],[-1,9],[5,13],[1,5]],[[67850,68704],[0,-1],[98,-51],[166,73],[95,-46],[243,172],[15,-1],[1,0],[5,13],[140,156],[40,9],[12,1],[22,-7],[21,4],[15,1]],[[67850,68704],[1,8],[-20,18],[-16,25],[-3,1],[-10,1],[-22,-7],[-92,-20],[-19,0],[-22,19],[-1,0],[-2,11],[-1,2],[-5,3],[1,1],[0,19],[-110,57],[-7,4],[0,6],[1,19],[-49,97],[1,105],[4,14],[1,5],[-2,1],[-16,5],[-1,29],[-1,2],[-3,3],[-11,5],[-38,37],[-2,11],[-44,3],[-178,17],[-52,112],[5,28],[-16,-2],[-101,25],[-7,13],[-3,5],[0,1],[-7,-3],[-23,-9],[-4,-6],[-6,1],[-31,-82],[-232,65],[-5,2],[-15,14],[-20,-6],[-14,-10],[-2,0],[-34,-2],[-37,28],[-17,-2],[-1,0],[-18,9],[-24,2],[-3,1],[-2,2],[11,18],[-5,12],[7,38],[2,16],[-11,13],[-2,15],[-12,8],[-16,-4],[-2,1],[-18,4],[-68,-49],[-22,10],[-12,5],[-8,-5],[-10,-19],[-21,-3],[-2,2],[-15,22],[-78,45],[-11,4],[-14,13],[-37,58],[-23,13],[-11,6],[-2,1],[-14,2],[-9,5],[-49,1],[-81,37],[2,66],[-5,25],[3,100],[-210,-50],[-52,-82],[-179,55],[-302,5]],[[65239,69779],[60,71],[81,267],[-52,106],[137,353],[200,118],[157,425],[115,598],[34,313],[-1,577],[-97,394],[-109,201],[-145,154],[-167,91],[-237,-12],[-163,-180],[-101,42],[-152,-46],[-78,218],[-115,119],[-38,231],[271,-18],[135,-86],[171,67],[174,158],[212,322],[105,244],[172,654],[30,420],[-66,104],[-276,245]],[[66821,64419],[-10,-4],[-6,-7],[0,-9],[8,-155],[5,-27],[-3,-5],[-1,-12],[-9,-8],[2,-9],[-9,-11],[-9,-20],[-16,-9],[-2,-1],[-1,-1],[-1,-3],[-1,-15],[-4,-50],[3,-15],[5,-4],[9,-43],[-13,-4],[4,-11],[-10,-3],[4,-12],[6,-271],[121,-84],[-119,-129],[-7,-5],[-13,-19],[-53,-69],[-17,-9],[-2,-6],[-14,-18],[0,-13],[-2,-3],[-10,-16],[0,-1],[-4,-1],[-2,-1],[-24,-1],[-26,4],[-11,-4],[-17,11],[-57,11],[-4,11],[-32,2],[-9,4],[-38,11],[-28,-2],[-2,0],[-6,0],[-13,6],[-144,-101],[-5,-8],[-4,-1],[-11,0],[-14,4],[-19,-2],[-18,13],[-15,5],[-1,1],[-4,0],[-8,-5],[-6,3],[-3,8],[-8,6],[-2,7],[-8,7],[-1,13],[0,1],[-1,4],[-1,2],[-17,16],[-55,28],[-30,2],[-7,10],[-49,70],[-8,18],[-5,3],[-226,-97],[-153,267],[-12,4],[-6,8],[-42,47],[-23,5],[-13,-9],[-1,-4],[1,-2],[9,-3],[-159,-67],[-9,-9],[-7,5],[-105,76],[-171,-106],[-14,-3],[-4,2],[-17,8],[-82,125],[-171,-33],[-8,13],[-11,11],[-3,3],[-2,0],[-2,0],[-5,-1],[-9,13],[-2,2],[-1,7],[-31,32],[-2,14],[-11,10],[1,9],[1,13],[-1,6],[-2,4],[-36,9],[-3,-2],[-21,-18],[-74,-22],[0,0]],[[64512,63810],[-1,0],[-9,14],[2,8],[-75,47],[-8,9],[-4,15],[5,11],[-3,12],[-18,7],[-35,22],[-17,10],[-3,20],[-6,3],[-17,20],[-3,12],[-7,9],[3,16],[8,10],[-1,2],[-1,7],[-8,9],[-12,27],[8,18],[-5,18],[-8,7],[-1,2],[0,0],[2,4],[0,8],[54,65],[0,233],[71,250],[134,91],[-78,96],[75,166],[-1,152],[3,16],[-7,7],[-6,33],[-7,1],[-4,5],[-5,5],[0,0],[2,8],[107,214],[269,-62],[13,-6],[1,10],[284,172],[62,128],[1,16],[4,3],[26,14],[42,33],[17,16],[0,2],[-6,9],[-37,108],[-35,12],[-1,13],[-12,34],[-5,15],[0,0],[-9,4],[-37,45],[-4,7],[-12,6],[-163,122],[-82,-23],[-14,-9],[-7,-2],[-58,25],[-15,-5],[-15,14],[-7,12],[-13,12],[-23,-6],[-81,54],[-9,2],[-14,26],[-29,79],[-34,-34],[-2,0],[-8,0],[-19,31],[0,1],[-2,7],[2,4],[-5,11],[0,2],[2,15],[6,25],[56,204],[6,213],[-470,122],[-103,80],[-6,-3],[-7,2],[-70,61],[-7,7],[-1,0]],[[64005,67127],[-14,42],[247,501],[526,498],[60,118],[186,608],[116,260],[151,521],[-38,104]],[[69330,64041],[93,-263],[119,-77],[11,-245],[86,-234],[88,-977],[-4,-225],[6,-182],[3,-253],[-28,-266],[-58,-354],[-61,-265],[7,-346],[-63,-101],[-39,-311],[38,-129],[-63,-121],[-157,-135],[-378,-133],[-105,-88],[-28,-166]],[[68797,59170],[-12,-10],[-12,-1],[-2,0],[-3,7],[-46,40],[-6,9],[0,0],[3,-11],[-4,-3],[-12,4],[-5,6],[0,-1],[1,-2],[6,-7],[-4,-17],[-9,2],[-2,1],[2,1],[6,-1],[1,13],[-7,11],[0,-7],[1,-8],[-1,-4],[-16,14],[-6,3],[2,15],[-113,11],[-1,6],[-4,2],[-1,1],[-5,0],[-15,-2],[-2,-2],[-2,-10],[0,-2],[-1,0],[-8,0],[-6,7],[-7,-2],[-13,3],[-9,9],[-4,4],[-4,8],[-18,14],[3,6],[-8,2],[-6,7],[-13,1],[-2,3],[-7,8],[1,7],[-23,5],[-10,0],[0,0],[0,5],[-284,68],[-64,99],[-20,7],[5,8],[-19,52],[-8,24],[-4,3],[-4,-2],[-6,-6],[-3,-2],[0,-1],[-16,-3],[-11,2],[-1,0],[-3,-5],[-1,-2],[2,-10],[-7,4],[-4,-1],[-7,-3],[-2,-1],[-5,-5],[-1,-2],[0,0],[-4,-10],[5,-10],[4,-3],[4,-5],[-10,-29],[85,-190],[13,-22],[0,-16],[-5,-17],[-2,0],[-8,4],[-13,-3],[-13,-24],[0,-1],[-9,-4],[-10,8],[-9,2],[-1,-2],[-11,-13],[1,-7],[-1,-1],[-14,0],[-5,-5],[-5,3],[-2,1],[-2,-8],[-17,5],[-6,-10],[-116,-78],[-3,-4],[0,-1],[3,-7],[-2,-3],[0,-7],[-6,-4],[-47,-66],[-3,-7],[-6,-1],[-172,-146],[-14,-3],[-1,0],[0,0],[-7,9],[-91,132],[-236,77],[-46,217],[-136,32],[-13,1],[-4,7],[-126,190],[-11,-1],[-2,0],[-15,12],[-3,-1],[-5,-1],[-3,-1],[-12,-5],[-25,-17],[-33,14],[-1,0]],[[66760,59520],[-3,11],[-7,3],[0,6],[-31,18],[-6,2],[-7,0],[-11,0],[-17,8],[20,124],[-9,5],[-3,5],[-5,9],[2,7],[11,26],[14,12],[-2,6],[-1,10],[1,8],[-4,-1],[-13,6],[-8,10],[-1,1],[3,10],[-3,6],[0,2],[-3,1],[-7,3],[-1,6],[-2,11],[14,5],[10,38],[19,-1],[3,4],[0,1],[-4,3],[0,12],[-5,54],[-2,3],[-20,-2],[-100,-29],[-2,8],[-12,-5],[-10,1],[-1,5],[-21,14],[-12,0],[-5,7],[-9,33],[-14,18],[0,2],[10,7],[3,26],[2,17],[-7,15],[-111,117],[-13,14],[-2,2],[-5,3],[-19,4],[-1,0],[-2,2],[-6,6],[-7,15],[-7,4],[2,5],[14,8],[1,2],[-4,10],[-26,5],[-1,5],[6,3],[0,0],[-17,24],[-20,15],[-5,10],[-10,8],[0,0],[-6,-11],[-38,18],[-14,2],[-5,7],[-8,2],[-4,7],[-13,5],[-15,16],[-18,16],[-3,5],[-10,2],[-306,104],[-107,3],[-17,-5],[-3,0],[-15,5],[-27,14],[-27,3],[-11,6],[-3,-2],[-5,-3],[-10,4],[-7,0],[-5,6],[1,8],[-3,8],[0,0],[-31,8],[-12,-3],[-16,-1],[-8,-7],[-39,5],[-14,-11],[-1,0],[-6,-1],[-12,3],[-2,0],[-11,-4],[-5,-2],[-17,-13],[-13,3],[-47,25],[-23,-2],[-20,-9],[-16,-7],[-30,-17],[-19,1],[-24,4],[-19,-29],[-1,-1],[-17,-13],[-17,-4],[-2,0],[-16,10],[-121,-100],[-4,-6],[4,-10],[1,-3],[-1,-14],[20,-13],[-4,-19],[-2,-9],[-5,-24],[-1,-2],[7,-19],[0,-26],[8,-10],[-42,4],[-7,-5],[-113,24],[-8,-5],[-12,14],[-61,-81],[-17,-3],[-6,-4],[0,-10],[-5,-4],[-11,4],[-292,-63],[-33,-83],[-206,-123],[-244,-94],[-48,-62],[-197,-24],[-44,-19],[-22,-2],[-13,1],[-10,-2],[-4,-5],[-1,0],[0,-8],[-10,-54],[-1,-10],[-9,-6],[-164,-119],[-16,-5],[-17,-13],[-16,-17],[-10,-28],[-13,-16]],[[63404,59415],[-524,108],[-9,-6],[-9,-1],[-44,-11],[-2,-3],[-7,22],[-32,23],[-2,6],[2,0],[6,3]],[[62783,59556],[10,5],[2,2],[19,-5],[4,1],[2,1],[0,1],[-4,7],[4,26],[0,4],[12,12],[14,42],[9,3],[1,2],[0,3],[-1,7],[-1,2],[-8,1],[-2,3],[5,8],[-6,16],[18,12],[-1,12],[0,2],[-10,6],[-9,13],[4,9],[17,269],[12,6],[14,11],[3,5],[-3,8],[3,7],[-1,1],[-8,3],[-3,8],[-1,6],[2,23],[-33,116],[-23,17],[-7,11],[-8,13],[-1,2],[0,2],[2,3],[6,11],[-3,6],[-14,28],[-2,5],[-1,16],[0,38],[7,26],[3,9],[22,34],[25,167],[13,6],[-10,4],[-29,54],[3,19],[-14,13],[-2,16],[-9,2],[0,0],[-9,2],[-55,77],[-3,21],[-11,1],[-90,-23],[-110,130],[-4,31],[0,4],[20,37],[13,24],[6,17],[11,2],[5,14],[50,45],[4,19],[17,9],[32,40],[18,6],[1,0],[8,10],[7,23],[1,33],[11,29],[-8,18],[14,108],[-5,9],[15,7],[58,159],[4,16],[-12,28],[-16,29],[3,13],[0,1],[-2,1],[-15,3],[-75,35],[0,21],[-7,8],[-33,39],[97,166],[4,13],[2,-1],[5,-2],[7,-5],[3,2],[12,-3],[4,-7],[3,0],[11,-3],[4,2],[14,4],[24,13],[16,15],[2,2],[4,-1],[16,-6],[6,-15],[2,-3],[29,7],[330,91],[11,-4],[3,0],[28,13],[135,-48],[64,174],[-13,23],[0,2],[2,14],[152,58],[24,2],[4,-10],[328,-17],[83,-49],[25,14],[1,1],[7,8],[9,4],[10,10],[5,3],[9,5],[13,8],[-3,8],[9,11],[5,18],[1,12],[11,9],[-81,64],[-24,269],[4,5],[-2,1],[-3,2],[-5,10],[-41,204],[-9,25],[0,1],[9,5],[11,0],[5,5],[13,2],[161,80],[219,405],[176,175],[7,18],[32,14],[44,58],[12,4],[1,0],[3,7],[36,9],[11,10],[-13,34],[-7,11],[-14,15],[-9,-1],[-3,2],[-7,12],[-2,8],[-32,32],[-1,15],[-11,9],[0,2],[-2,15],[-1,11],[-99,-29],[-28,0],[-3,1],[-1,0]],[[68797,59170],[37,-90],[-131,-99],[-136,-328],[-65,-262],[1,-136],[-95,-107],[-151,-320],[-150,-428],[-14,-260],[64,-217],[-125,-206],[-139,-238],[5,-140],[57,-378],[142,-437],[181,-421],[153,-270],[-15,-7],[-145,-21],[-12,-3],[93,-76],[132,134],[-15,-91],[167,-316],[260,-405],[129,-108]],[[69025,53940],[-4,-11],[-3,-2],[-16,-10],[-97,-2],[-333,243],[-25,33],[-9,17],[-9,23],[-10,31],[-13,42],[-4,9],[-8,15],[-16,24],[-8,10],[-42,36],[-101,47],[-89,15],[0,1],[-26,3],[-83,94],[-30,70],[-14,21],[-21,16],[-15,19],[0,0],[-41,14],[-13,23],[-18,31],[-6,4],[-23,13],[-7,13],[-47,29],[-42,18],[-51,29],[-4,4],[-15,18],[-20,23],[-50,42],[0,0],[-143,-200],[-13,17],[0,0],[-48,31],[-6,-6],[-32,-48],[-51,-14],[-2,-1],[0,0],[-33,-19],[-72,7],[-30,0],[-9,0],[-11,-4],[-43,-17],[-17,-7],[-12,-4],[0,0],[-47,-14],[-119,-133],[-50,-29],[-5,-1],[-39,-1],[-27,9],[-10,4],[-36,20],[0,0],[-2,1],[-17,7],[-10,3],[-6,1],[-5,0],[-6,-1],[-41,-18],[-91,-68],[-5,-3],[-21,-4],[-20,2],[-7,2],[-29,17],[-26,14],[-4,2],[-2,0],[-11,-1],[-26,-4],[-12,-5],[-12,-6],[-42,-31],[-19,-7],[-20,-7],[-16,-7],[-19,-9],[-4,-1],[-40,-11],[-6,-1],[-10,2],[-8,2],[-14,10],[-20,30],[-31,39],[-23,48],[0,1],[-4,3],[-9,6],[-47,15],[-216,69],[-38,9],[-5,2],[-21,18],[-31,18],[-6,5],[-6,5],[-13,15],[-13,14],[-16,8],[-19,1],[-45,-7],[-13,1],[-6,1],[-9,2],[-30,23],[-30,35],[-49,21],[-50,41],[-4,3],[-7,4],[-29,10],[-7,3],[-4,3],[-9,12],[-8,11],[-10,24],[15,31],[9,24],[-4,16],[-11,12],[-6,5],[-66,5],[-74,42],[-40,37],[-13,19],[-15,75],[-9,16],[-17,17],[-117,110],[-78,87],[-3,4],[-8,7],[-19,19],[-6,10],[-9,17],[-3,6],[-19,80],[-17,37],[-31,29],[-17,15],[-30,-22],[-9,-12],[-1,-6],[-1,-12],[0,-9],[0,-1]],[[64879,55565],[-14,-14],[0,-20],[-1,-3],[-3,-4],[-11,-6],[-5,-2],[-35,8],[-3,1],[-41,22],[-48,-3],[-5,0],[-11,4],[-7,14],[-5,81],[-3,22],[-1,3],[-16,25],[-45,84],[-28,42],[0,1],[-18,36],[-10,20],[-16,115],[10,43],[0,1],[-22,21],[-3,10],[1,4],[0,6]],[[64539,56076],[1,4],[1,4],[2,3],[7,16],[8,5],[13,-3],[40,15],[2,7],[0,0],[13,-3],[23,5],[11,2],[3,0],[234,71],[17,2],[1,2],[1,2],[138,56],[0,0],[3,9],[19,33],[1,3],[15,72],[38,64],[-19,46],[-2,8],[-2,8],[0,4],[1,7],[15,30],[136,108],[23,-2],[5,-5],[2,-3],[-1,-8],[-11,-19],[-3,-8],[1,-14],[0,0],[8,-5],[2,1],[14,10],[39,-53],[10,-2],[3,1],[5,5],[2,-12],[10,-1],[5,-4],[24,15],[2,4],[3,5],[11,26],[0,6],[-17,1],[9,76],[-4,30],[5,11],[5,8],[12,4],[20,19],[9,1],[153,43],[53,101],[3,-12],[16,1],[111,16],[3,13],[4,3],[4,2],[6,-4],[90,-7],[6,1],[8,1],[17,1],[15,9],[33,13],[10,7],[14,18],[-6,71],[6,14],[1,-1],[3,0],[37,3],[137,22],[6,9],[14,2],[19,11],[5,1],[11,1],[1,0],[7,2],[11,2],[15,-9],[20,-4],[13,9],[3,-12],[129,-66],[25,5],[65,161],[2,100],[108,230],[64,20],[7,3],[0,8],[-1,6],[-4,7],[40,20],[8,4],[-3,10],[-18,13],[0,0],[0,0],[-3,5],[-5,6],[3,11],[-22,35],[-2,14],[4,5],[0,28],[-5,18],[4,230],[5,10],[0,10],[0,9],[-4,10],[1,24],[-10,15],[-12,35],[-12,17],[-1,0],[-12,-10],[-6,6],[1,13],[23,105],[-1,9],[-8,12],[-1,1],[-5,0],[-60,95],[2,4],[1,2],[-3,9],[9,-3],[5,3],[-6,29],[13,41],[5,18],[1,2],[8,12],[6,3],[8,3],[198,56],[18,-1],[6,1],[2,1],[-7,6],[-139,288],[7,2],[1,2],[3,6],[-8,7],[2,7],[-7,16],[10,5],[19,8],[0,0],[8,-2],[11,22],[-2,16],[1,133],[4,6],[-9,20],[-51,114],[-6,305],[-6,19],[2,9],[8,5],[6,21],[20,18],[12,4],[12,-1],[1,0]],[[64539,56076],[-6,17],[-1,1],[-4,1],[-2,-2],[-9,-11],[-7,-2],[-13,6],[-6,11],[-30,12],[-13,2]],[[64448,56111],[0,10],[1,2],[5,5],[7,5],[8,6],[0,2],[-1,7],[-146,181],[-3,4],[1,10],[44,36],[1,11],[-4,2],[-18,-14],[-15,32],[-1,0],[-4,2],[-9,1],[-14,0],[-2,0],[-13,9],[-5,3],[-3,1],[-8,-1],[-4,0],[-1,-1],[-4,-3],[-14,-17],[-12,-6],[-42,1],[-31,0],[-13,2],[-8,1],[-29,-11],[-143,48],[1,15],[-1,1],[-13,6],[0,0],[-4,-7],[0,-5],[-9,3],[-4,2],[-25,21],[-40,-17],[-8,-12],[-3,-1],[-7,1],[-4,0],[-14,10],[-10,2],[-9,-21],[-2,-2],[-1,0],[-7,-2],[-4,-1],[-18,-8],[-5,1],[-3,8],[-4,0],[-6,1],[-10,-5],[-10,-13],[-7,-4],[0,1],[-10,4],[-10,4],[0,11],[-7,4],[-9,-3],[4,-16],[-2,-7],[-11,-1],[-8,4],[-11,0],[-3,2],[-3,2],[-1,5],[-9,5],[-25,66],[-38,-1],[0,0],[-1,25],[-20,15],[-5,1],[-2,-6],[-4,-17],[0,0],[-5,6],[-14,10],[4,27],[-18,12],[1,6],[-31,39],[-6,-3],[0,1],[-2,2],[0,3],[24,53],[4,-8],[7,1],[2,5],[0,9],[-187,156],[-30,28],[-9,9],[-27,74],[170,288],[6,3],[0,0],[-1,0],[6,3],[7,11],[2,1],[5,4],[3,6],[-2,18],[-6,6],[-8,8],[1,1],[10,2],[26,170],[99,272],[29,-14],[23,17],[60,56],[6,8],[-2,4],[2,4],[0,22],[12,6],[21,17],[0,0],[0,1],[0,12],[3,4],[-1,7],[-10,7],[-41,91],[-16,9],[-1,1],[-3,0],[-8,-3],[-2,0],[-17,3],[-12,-10],[-7,-3],[-7,14],[-380,40],[-73,59],[-7,-3],[-2,0],[-5,3],[-1,0],[-5,27],[0,1],[2,6],[1,2],[-2,5],[33,252],[0,11],[15,8],[56,74],[9,8],[48,157],[8,6],[-4,2],[-21,6],[-49,121],[18,3],[7,3],[10,17],[30,20],[19,9],[6,8],[-4,21],[10,5],[0,3],[-1,17],[-1,1],[-7,4],[107,126],[12,13],[-5,6],[-22,23],[-5,6],[-1,0],[-14,-2],[-7,2],[-161,80],[-9,6],[8,5],[140,218],[24,13],[4,3],[5,15],[-8,19]],[[64448,56111],[-7,0],[-5,5],[11,17],[-18,14],[-29,-11],[-7,-6],[-4,-4],[0,-1],[3,-11],[7,-40],[-2,-8],[-1,-1],[-10,-5],[-9,1],[-32,3],[-87,-24],[-19,21],[-1,1],[-23,30],[-7,8],[-30,19],[-24,7],[-4,-1],[-9,-2],[-6,-2],[-40,-24],[-8,-4],[-5,-2],[-58,-10],[-71,-36],[-8,-2],[-17,-4],[-32,-2],[-5,0],[-46,9],[-9,1],[-5,0],[-32,-4],[-1,0],[-8,-2],[-21,-4],[-64,-10],[-15,0],[-8,0],[-37,8],[-44,26],[-1,1],[0,0],[-59,56],[-37,12],[-1,25],[-9,7],[-31,25],[-71,35],[-28,33],[-22,28],[-3,4],[-34,10],[-37,31],[-17,-8],[-10,13],[-14,-4],[-9,-25],[-19,-21],[-27,-5],[-20,-12],[0,-1],[0,-1],[0,-11],[-50,-4],[-32,8],[-11,4],[-26,13],[5,6],[-45,9],[-50,18],[-4,2],[-13,3],[-9,3],[0,-7],[0,-30],[-21,0],[-28,15],[-41,-7],[0,0],[-24,8],[-15,13],[-37,44],[-47,-9],[1,18],[-54,10],[-59,27],[-14,9],[-30,18],[0,0],[-1,1],[-6,3],[-21,20],[-53,-2],[-56,0],[-6,2],[-12,12],[-4,8],[-1,1],[-11,-23],[-52,-55],[-21,-24],[0,-3],[3,-4],[9,-8],[-14,-28],[-42,-67],[-25,-40],[-36,-76],[-94,-155],[16,-133],[-66,-99],[-6,-15],[-19,-8],[-117,19],[0,-5],[-4,-4],[-15,-15],[-1,0],[-17,2],[-79,-39],[-9,12],[-17,22],[-10,-1],[-11,8],[-17,-9],[-1,0],[0,0],[-4,-1],[1,-15],[-80,-130],[-9,-9],[-17,-13],[-1,-1],[-10,5],[-14,7],[-10,3],[-22,12],[-271,-128],[-55,-102],[-11,-17],[0,0],[-2,-18],[-11,0],[-293,-80],[-4,-8],[1,-3],[1,-7],[-1,-1],[-16,-12],[-3,-17],[-28,-18],[3,-9],[-20,-28],[-9,-2],[-1,0],[-7,-9],[-6,-6],[-13,-2],[-40,-42]],[[60780,55070],[-8,2],[-37,11],[-3,2],[-12,12],[-24,-2],[-8,5],[-103,92],[-2,23],[-18,2],[-79,51],[-16,-2],[-2,5],[41,90],[8,10],[-7,19],[2,35],[0,25],[0,9],[-1,3],[-8,9],[-1,19],[-5,3],[-34,51],[2,23],[0,0],[17,6],[38,51],[10,15],[0,0],[-5,4],[-14,31],[-4,9],[-2,2],[-3,4],[4,3],[14,8],[1,3],[-22,16],[-7,1],[-1,19],[-4,15],[-8,13],[-1,0],[-12,-6],[-116,14],[-80,145],[-10,7],[-1,0],[17,38],[-1,7],[8,6],[3,-7],[7,-2],[4,0],[4,10],[5,0],[4,-5],[-3,-6],[-3,-6],[-2,-6],[-1,-7],[2,-5],[4,-9],[6,-4],[12,-14],[0,-1],[14,0],[12,-2],[13,-4],[0,0],[13,-13],[0,0],[7,0],[-1,3],[-4,15],[87,35],[16,-8],[3,0],[4,18],[-4,4],[-1,7],[-8,10],[-5,6],[-5,9],[-6,3],[21,105],[7,-7],[0,1],[-3,11],[-5,8],[0,20],[-2,7],[-4,10],[-22,-1],[-12,-6],[-3,-1],[-6,2],[-4,8],[-24,53],[-11,7],[3,54],[-20,25],[-16,6],[-2,3],[-2,3],[3,10],[1,4],[6,11],[-4,97],[-13,17],[177,89],[15,6],[3,1],[-3,9],[0,2],[4,3],[9,5],[-2,14],[3,5],[-2,4],[15,286],[-34,145],[0,36],[-7,16],[-8,3],[-4,3],[-6,10],[-35,18],[-23,-12],[-3,1],[-15,3],[-3,1],[-10,19],[-7,0],[-16,10],[-20,2],[-31,5],[-26,1],[-10,-2],[-25,-7],[-40,-15],[-9,1],[-25,3],[-93,-82],[-30,-1],[-6,1],[-30,15],[-1,0],[-2,1],[-12,4],[-10,4],[-6,4],[-33,24],[-7,5],[-33,-3],[-17,-5],[-5,-13],[-96,-29],[-23,3],[0,9],[5,6],[0,1],[-5,6],[-8,10],[-1,2],[-1,3],[4,21],[-165,68],[-53,11],[-3,3],[0,1],[2,19],[-12,226],[-4,14],[2,5],[16,49],[4,68],[4,25],[7,11],[23,17],[8,28],[0,2],[-5,8],[0,11],[-4,6],[4,12],[8,6],[46,49],[9,14],[-1,8],[-21,70],[-10,5],[-1,5],[2,15],[1,3],[13,14],[9,25],[-1,33],[7,14],[2,3],[26,12],[13,-4],[9,1],[-9,28],[10,22],[0,2],[11,-3],[23,3],[30,88],[2,22],[0,1],[11,4],[234,73],[7,-2],[1,1],[3,3],[6,12],[19,30],[11,24],[0,3],[-2,1],[0,0],[0,0],[-24,12],[-1,0],[-5,0],[67,165],[294,59],[6,15],[4,3],[15,3],[5,0],[10,-6],[22,6],[11,10],[13,4],[0,0],[11,3],[150,51],[3,5],[42,10],[1,0]],[[60716,58606],[9,-5],[27,-4],[19,9],[10,3],[3,4],[2,7],[7,20],[95,64],[28,-7],[1,-1],[20,-13],[16,-16],[10,-6],[6,-6],[13,0],[95,-19],[109,78],[43,159],[235,146],[31,2],[12,1],[21,2],[7,1],[5,1],[7,2],[4,4],[64,16],[0,0],[3,5],[0,17],[-50,54],[-3,10],[7,27],[15,19],[2,10],[0,2],[-3,10],[-11,11],[-6,15],[0,0],[3,6],[0,7],[14,31],[7,16],[6,6],[22,9],[3,8],[-1,14],[5,9],[3,2],[2,0],[9,-3],[18,8],[24,-3],[9,-7],[10,4],[9,7],[1,0],[13,-5],[67,-19],[14,4],[1,2],[3,29],[-3,17],[0,21],[-1,4],[-8,17],[-10,13],[-41,180],[27,141],[296,28],[42,59],[12,6],[16,18],[61,30],[25,22],[1,1],[3,10],[8,7],[-1,4],[-4,31],[7,57],[-5,25],[1,2],[17,44],[8,19],[39,-14],[14,-2],[2,0],[0,-1],[3,-7],[5,-18],[7,-10],[26,0],[11,-12],[1,-1],[-2,-18],[5,-9],[24,-53],[-1,-9],[10,-4],[42,-29],[11,-30],[5,-8],[4,-6],[31,-14],[14,-11],[32,-10],[2,0],[11,-29],[13,-10],[8,-14],[-1,-6],[-7,-19],[11,-91],[1,-7],[1,-2],[8,-10],[15,-10],[20,6],[5,0],[8,-10],[5,0],[3,-3],[4,-3],[11,3],[3,0],[1,-1],[11,-9],[3,-1],[9,0],[10,4],[14,1],[1,2],[1,3],[15,12],[25,6],[13,-4],[9,-14],[27,-54],[-22,-27]],[[64879,55565],[1,-3],[13,-35],[30,-84],[7,-15],[8,-17],[13,-11],[11,-16],[27,-36],[8,-7],[30,-26],[11,-32],[0,-3],[-4,-9],[-11,-24],[13,-94],[-5,-14],[-5,-12],[0,-2],[3,-4],[45,-60],[-6,-41],[2,-10],[6,-6],[22,-11],[1,-1],[1,-1],[5,-11],[1,-5],[0,-23],[10,-30],[45,-73],[45,-28],[12,-14],[13,-19],[2,-5],[14,-37],[12,-16],[1,-2],[20,-38],[55,-127],[18,-50],[5,-12],[-17,-53],[-13,-21],[-3,-5],[-8,-23],[-1,-4],[1,-25],[-5,-26],[0,-3],[1,-13],[8,-175],[11,-35]],[[65332,54118],[-24,6],[-39,-13],[-11,3],[-10,14],[-1,2],[-1,4],[0,5],[7,15],[12,12],[0,9],[-18,12],[-12,-2],[-18,-10],[-15,2],[-5,-4],[-5,-11],[-2,-3],[-3,-2],[-10,3],[-26,23],[-12,14],[-11,4],[-6,2],[-5,-1],[-3,0],[-19,-24],[-21,-9],[-3,0],[-3,3],[-14,11],[-2,2],[-6,11],[21,55],[-1,6],[-5,9],[-7,3],[-2,1],[-1,-1],[-11,-21],[-16,-9],[-4,-1],[-40,2],[-58,-8],[-23,1],[-4,3],[-5,3],[-29,40],[-11,3],[-4,0],[-1,0],[-1,0],[-7,-5],[-104,-170],[-1,-1],[1,13],[0,22],[-4,3],[-13,9],[-51,6],[-55,8],[-33,25],[-2,1],[-2,1],[-11,6],[-156,0],[-22,-12],[-2,0],[-3,1],[-3,0],[-18,1],[-51,-70],[-12,-12],[0,0],[3,-7],[-5,-22],[-82,-16],[-17,-8],[-1,0],[-2,3],[3,11],[15,9],[3,1],[4,1],[0,1],[-28,8],[1,9],[-11,1],[-118,-74],[-3,-6],[-4,-2],[-58,-29],[-8,-1],[0,1],[0,5],[9,20],[2,28],[-2,14],[0,3],[2,20],[-101,-31],[-19,-9],[25,29],[30,7],[13,4],[2,2],[11,11],[9,5],[11,7],[3,10],[2,31],[3,40],[7,16],[2,15],[-11,16],[-9,3],[-19,-16],[-27,-42],[-4,-6],[-12,-8],[-1,-1],[-9,-1],[-63,-42],[-9,2],[-20,-4],[-5,-5],[-4,-11],[-3,8],[-1,4],[-9,1],[-10,-8],[-3,4],[-2,-8],[-172,-58],[-16,1],[0,0],[0,1],[-5,10],[-4,2],[-2,-3],[1,-4],[-1,-1],[-5,-3],[-2,-1],[-12,1],[-5,-4],[-10,2],[-27,4],[-10,-8],[-2,-1],[-8,1],[-4,1],[-12,9],[-56,-18],[-25,-5],[-5,3],[4,16],[-25,-10],[-17,5],[-2,2],[-3,15],[-1,5],[1,3],[3,7],[2,2],[1,2],[2,2],[0,0],[0,12],[-6,0],[0,3],[0,6],[-6,3],[-10,4],[-21,-10],[-68,72],[-8,0],[-3,6],[-75,-6],[0,4],[-18,5],[-13,19],[-21,62],[-7,8],[0,6],[0,5],[2,4],[2,6],[0,-1],[0,23],[-4,7],[-13,1],[-40,41],[3,0],[-1,2],[-2,2],[-18,3],[-58,20],[-5,4],[-1,-6],[-290,17],[-6,-8],[-19,-1],[-9,-5],[-12,1],[-3,2],[-20,11],[-61,27],[-8,6],[-21,4],[0,0],[0,0],[-2,2],[-14,27],[-218,45],[-5,-4],[-3,3],[-2,4],[-4,7],[-14,3],[-15,-2],[-272,133],[-9,5],[-20,0],[-12,-5],[-12,-15],[-2,-21],[-5,-7],[-4,-5],[-13,-14],[-108,-9],[-20,-1],[-2,-3],[-8,-16],[-37,-12],[-2,-1],[-3,-4],[-17,-22],[-18,-7],[5,-17],[-14,-20],[4,-23],[0,-1],[0,-1]],[[61672,54457],[-5,-5],[-250,-28],[-9,13],[-7,8],[-16,23],[-17,10],[-9,-3],[0,0],[0,0],[-2,-1],[-9,-4],[-3,0],[-2,2],[-7,9],[-1,22],[0,0],[-22,5],[-143,-16],[-132,176],[-167,21],[-5,-1],[-7,3],[-15,21]],[[60844,54712],[0,0],[1,16],[17,50],[6,5],[4,10],[5,4],[6,28],[-76,139],[-20,12],[-2,3],[-6,19],[-3,10],[4,12],[-2,21],[3,16],[1,9],[-1,2],[-1,2]],[[69025,53940],[74,-123],[-426,-96],[-266,5],[-257,-125],[-253,-210],[-130,-121],[-214,-258],[-153,-230],[-56,-124],[-72,-249],[-35,-157],[37,-257],[66,-101],[-57,-185],[23,-139],[-82,-224],[-146,-76],[-79,-135],[-302,-63],[-139,-91],[-305,31],[-106,-91],[-19,-119],[-96,-89],[-145,-26],[-227,-204],[-70,-193],[0,-140],[-124,-120],[-320,-44],[-80,41],[-28,135],[-249,126],[400,119],[-91,188],[-46,187],[58,129],[12,148],[-69,113],[11,200],[165,103],[-59,313],[-141,90],[143,205],[136,57],[90,91],[-52,200],[198,88],[66,124],[157,51],[69,-61],[-47,90],[237,303],[161,2],[-66,261],[-56,-44],[-248,262],[-68,61],[-149,75],[-173,-122],[-62,49],[143,-117],[-161,-114],[-101,103]],[[65246,53442],[46,29],[16,53],[0,55],[-5,15],[-1,3],[-1,4],[0,4],[2,14],[3,12],[2,2],[18,11],[103,78],[-100,234],[-10,10],[-1,1],[0,1],[-26,37],[-6,67],[43,24],[2,3],[3,3],[1,4],[0,3],[-3,9],[0,0]],[[65023,53212],[52,34],[-82,-54],[-43,32],[38,25],[5,-7],[30,-30]],[[65246,53442],[-85,19],[-25,66],[-205,-3],[-97,0],[-55,-147],[-14,-163],[150,-92],[-35,-169]],[[64880,52953],[-75,47],[-36,-2],[-6,-1],[-25,6],[-8,-5],[-12,-15],[-1,0],[-2,0],[-13,9],[-14,3],[-16,-9],[-1,-1],[-18,-15],[-4,-2],[-24,-6],[-21,0],[-5,1],[-5,3],[-8,5],[-8,14],[0,13],[1,4],[20,21],[2,10],[-1,3],[-2,4],[-7,6],[-4,4],[-5,2],[-5,2],[-10,2],[-21,4],[-7,4],[-26,15],[-9,8],[-10,17],[-29,89],[-18,19],[-7,0],[-19,0],[-6,2],[-2,0],[-19,12],[-6,11],[-21,15],[-14,9],[-17,16],[-13,10],[0,2],[0,3],[-1,1],[-24,12],[-61,32],[-15,-3],[-22,13],[-5,0],[-8,0],[-2,0],[-2,-1],[-12,-2],[-7,2],[-1,1],[-1,0],[-20,12],[-28,5],[-7,1],[-4,2],[-11,6],[-15,13],[-21,22],[0,4],[-2,1],[0,0],[-18,7],[-31,2],[-7,11],[-1,0],[-44,13],[-19,11],[-21,4],[0,0],[-5,-6],[-27,-51],[-1,-9],[-3,-14],[-1,-1],[-5,-4],[-4,0],[-12,-6],[-17,-3],[-9,1],[-3,-2],[-9,-7],[-10,-13],[-13,-5],[-1,-5],[4,-15],[17,-25],[0,-10],[-83,39],[-8,-3],[0,0],[2,9],[0,0],[-2,16],[0,1],[-2,3],[-1,2],[-6,1],[-22,3],[-2,0],[-7,8],[-1,8],[-5,2],[-2,1],[-5,1],[-7,-13],[-21,-19],[-11,-11],[-5,-8],[-4,-7],[-3,-3],[13,-24],[4,-10],[17,13],[138,-109],[0,-7],[6,0],[39,-37],[6,5],[0,0],[0,0],[1,-10],[-3,-10],[-6,-1],[-17,-4],[-29,-37],[-8,-6],[-1,1],[-6,2],[-1,2],[-6,22],[-4,9],[-13,11],[21,59],[-13,3],[-12,-15],[-39,-49],[-6,-5],[-1,-1],[-1,-1],[-2,-13],[1,-20],[4,-9],[17,-4],[1,3],[5,11],[6,-10],[7,-6],[1,-1],[7,-16],[2,-21],[1,-13],[-1,-5],[8,-53],[9,-2],[-1,-43],[3,-9],[-6,-11],[2,-11],[-7,1],[-16,-25],[-12,-15],[15,-29],[14,-6],[0,-1],[-3,-1],[-29,-11],[-10,0],[-22,5],[-1,0],[2,18],[-15,25],[-4,28],[-9,8],[-21,6],[-3,10],[0,0],[10,21],[-86,90],[-7,0],[-5,12],[-32,35],[-6,15],[-8,6],[-8,4],[-7,1],[-34,66],[-15,-2],[-3,3],[1,2],[-5,2],[0,0],[-3,15],[-84,47],[-17,19],[-3,2],[-3,1],[-2,0],[-9,-1],[-16,14],[-13,7],[-6,0],[1,0],[-14,-2],[-62,28],[-7,4],[-8,-5],[-122,5],[-5,-2],[-1,0],[-3,-1],[-2,1],[-9,4],[-104,24],[-20,-8],[-7,-4],[-3,-2],[0,-11],[-140,42],[-55,116],[-5,11],[1,1],[3,19],[-3,4],[-11,10],[-1,1],[-17,3],[-6,7],[-16,6],[-11,2],[-11,-8],[-6,2],[-6,-7],[-3,-13],[-2,0],[-9,-4],[-18,-7],[-11,3],[-9,-1],[-13,17],[-2,3],[-2,1],[-11,2],[-39,82],[-18,-7],[-53,12],[-2,5],[-8,1],[-6,1],[-9,9],[-12,3],[-9,-5]],[[62394,53598],[0,1],[-9,13],[-6,7],[-10,6],[-203,83],[-6,11],[-15,3],[-74,51],[-15,2],[-8,3],[-10,4],[-16,18],[-9,6],[-12,2],[-4,4],[-19,18],[-4,5],[-1,5],[-4,18],[-23,28],[-9,21],[-1,6],[-2,-1],[-63,70],[-12,8],[1,10],[-35,56],[6,22],[6,32],[-2,4],[-6,9],[1,8],[-9,6],[-3,2],[-9,0],[-59,198],[-7,1],[-4,5],[-8,4],[-4,7],[-29,28],[-3,4],[-7,11],[-3,5],[5,30],[-10,20],[-8,5]],[[64903,53399],[-43,-30],[-10,15],[53,15]],[[63280,49500],[193,-60],[98,-88],[51,-334],[-43,-83],[-202,54],[-130,132],[-12,302],[45,77]],[[62965,47773],[-13,-410],[-131,94],[144,316]],[[62440,46893],[127,-170],[-184,-104],[57,274]],[[63938,46338],[101,-67],[22,-174],[-136,-129],[-107,-4],[-108,144],[72,196],[156,34]],[[64201,45282],[122,-138],[-154,-78],[-48,141],[80,75]],[[64811,41802],[226,-185],[107,-18],[38,-182],[-137,-89],[-145,64],[-167,312],[78,98]],[[70852,2619],[76,-192],[-187,-91],[-28,193],[139,90]],[[73935,11540],[131,-58],[17,-192],[60,-145],[0,0],[-101,28],[-107,367]],[[74194,13378],[151,-129],[-38,-159],[-144,8],[31,280]],[[64880,52953],[-107,-130],[-143,-75],[-176,-20],[-125,-102],[8,-44],[212,-76],[-105,-154],[-81,24],[-50,-130],[107,-197],[-98,-79],[20,-3],[25,-123],[231,-161],[139,-11],[-55,-234],[-232,-88],[47,-252],[-267,16],[31,221],[-61,230],[-83,68],[-7,-1],[-27,149],[-67,69],[-245,37],[-195,55],[-245,-18],[-171,-15],[-234,-70],[-136,-51],[-101,-43],[-245,-203],[-27,-259],[1,-140],[-114,-34]],[[62304,51109],[-57,-5],[-12,-2],[-27,4],[-20,10],[-8,8],[-20,0],[-73,10],[-6,8],[-2,2],[-5,2],[-2,0],[-29,5],[-16,-4],[-13,0],[-9,-1],[0,0],[-6,4],[0,6],[-2,14],[-8,26],[12,22],[-1,6],[0,1],[-2,1],[-3,2],[5,15],[-8,18],[-2,6],[0,0],[-6,3],[-13,16],[0,12],[-1,0],[-5,0],[-6,2],[-3,-3],[-15,2],[0,0],[-9,1],[-8,4],[-11,12],[-14,9],[-9,8],[-6,15],[-23,29],[-20,65],[-8,6],[-3,3],[-10,14],[-1,9],[6,10],[0,5],[-9,15],[-2,3],[0,7],[-8,14],[3,10],[-1,1],[-12,10],[50,215],[16,17],[13,14],[3,4],[3,1],[14,2],[11,2],[-1,14],[9,14],[-3,13],[40,112],[10,32],[-1,1],[-1,2],[-4,2],[-63,289],[1,24],[0,11],[-3,6],[-4,6],[-19,7],[-18,-1],[-188,-16],[-13,-3],[-25,10],[-32,0],[-24,-3],[-1,0]],[[61566,52324],[56,186],[4,10],[2,4],[16,15],[3,5],[0,6],[9,3],[3,1],[34,31],[301,116],[62,85],[10,50],[10,2],[9,2],[8,-8],[27,-6],[22,9],[10,7],[1,0],[24,-4],[2,1],[19,11],[68,50],[22,16],[9,16],[3,11],[12,-1],[1,11],[6,9],[8,10],[-8,7],[0,46],[50,48],[13,11],[1,1],[5,16],[0,1],[-4,10],[0,8],[-3,4],[-3,4],[4,16],[-4,12],[2,15],[-14,5],[33,126],[-42,188],[-12,18],[-5,8],[0,1],[1,1],[8,8],[45,72]],[[60716,58606],[1,4],[0,1],[-5,21],[-85,124],[-13,16],[-1,14],[0,9],[9,20],[9,6],[5,2],[11,3],[35,154],[-17,7],[-10,4],[-1,1],[3,16],[38,62],[5,18],[0,1],[-5,20],[-1,2],[10,17],[3,15],[-1,9],[-6,8],[-11,7],[-244,115],[-158,235],[7,247],[1,14],[-6,4],[-74,151],[-7,-2],[-7,7],[-138,23],[-3,13],[0,0],[-4,2],[-2,0],[-12,-4],[-4,-8],[-23,9],[-227,-47],[-273,-172],[-15,-24],[7,-7],[-11,-15],[-60,-95],[4,-11],[-5,-20],[5,-5],[-1,-4],[-9,-14],[-15,-20],[-3,-18],[-1,-1],[-8,-2],[-184,-63],[-42,-40],[-4,-8],[-2,-7],[-2,-30],[7,-202],[-1,-12],[0,-1],[-16,-7],[-48,-53],[-12,-3],[-4,-4],[-1,-2],[-17,15],[-1,16],[3,16],[2,21],[-12,15],[-1,9],[-17,6],[-18,7],[-3,1],[-4,23],[-10,8],[-4,-1],[-44,-27],[-16,-1],[-12,0],[-21,2],[-13,5],[-11,-1],[-40,15],[-193,-113],[-59,24],[-26,-10],[-8,6],[-37,2],[-17,-4],[-10,5],[-20,3],[-8,3],[-9,-4],[-40,-30],[-11,2],[-2,-4],[-3,0],[-3,-4],[-5,-6],[-10,-2],[-1,-5],[-4,-5],[1,-8],[-4,1],[-2,0],[-4,-4],[-2,-1],[0,1],[-5,-5],[-51,-79],[-4,0],[-2,-4],[-61,-75],[-19,-5],[-2,11],[2,20],[-136,58],[-21,20],[-1,1],[-10,-3],[-6,11],[-11,16],[21,20],[6,12],[3,5],[9,12],[7,1],[3,100],[15,14],[5,19],[37,51],[4,37],[-7,23],[-2,2],[-15,5],[-12,-9],[-7,0],[-21,10],[-3,4],[-2,4],[0,4],[4,12],[-1,18],[-8,11],[-143,20],[-29,11],[-1,0],[-1,-4],[-5,-17],[0,-2],[-5,-6],[-8,-2],[-5,-8],[-12,3],[-6,-1],[-18,11],[-7,21],[-60,18],[-15,5],[-23,18],[-6,1],[-5,1],[-10,6],[-183,-23],[-18,4],[-1,-1],[-14,-10],[-2,-2],[0,-11],[0,-4],[-2,-3],[-4,-8],[0,-1],[1,-1],[16,-8],[2,-1],[7,-9],[8,-3],[2,-6],[-30,-38],[-9,-11],[0,0],[20,-21],[42,-62],[-222,-353],[-170,-115],[-13,-8],[-1,-1],[-15,-4],[-9,-9],[-5,-6],[-6,-4],[-2,-3]],[[57120,58736],[-1,5],[-1,15],[-17,19],[-20,11],[-12,15],[6,16],[-73,188],[8,213],[-82,118],[-6,235],[-91,-4],[-203,172]],[[56628,59739],[248,67],[820,313],[358,256],[168,59],[74,95],[107,115],[288,-45],[257,65],[303,224],[403,379],[265,206],[270,161],[225,421],[165,236],[256,257],[169,353],[58,253],[115,375],[172,209],[232,174],[314,190],[188,139],[60,26],[237,68],[361,144],[45,-111],[-22,156],[235,148],[97,89],[141,152],[227,316],[155,398],[2,575],[20,155],[364,770]],[[59978,66083],[15,-317],[-61,-282],[-221,-416],[-4,-124],[183,-123],[313,112],[38,-112],[-89,-227],[-329,-568],[-142,-61],[-261,-232],[-213,-18],[-220,-111],[-165,81],[47,81],[203,48],[79,177],[-44,103],[196,199],[43,136],[-138,127],[-109,-10],[-82,-183],[-92,54],[10,401],[143,280],[117,131],[106,228],[135,71],[104,127],[180,105],[98,268],[160,55]],[[57120,58736],[-2,-3],[-1,-1],[-4,-3],[-3,-2],[-4,-20],[-19,-28],[-4,-4],[-4,-5],[-1,-5],[31,-331],[-5,-21],[2,-4],[10,-39],[0,-5],[-2,-5],[0,-1],[-2,0],[-5,-15],[-1,-2],[-8,-7],[-14,-8],[12,-26],[-3,-6],[2,-18],[-5,-22],[-13,-63],[0,-10],[-12,-7],[-6,-4],[0,0],[-10,-33],[-1,-22],[2,-8],[13,-35],[12,-17],[7,-25],[-251,-154],[63,-118],[16,-4],[8,-1],[1,-1],[-3,-5],[-24,-37],[-2,-7],[-1,-3],[10,-31],[-206,-139],[14,-137],[-87,-161],[-156,-165],[-20,0]],[[56444,56968],[-9,3],[-15,3],[-14,8],[-12,-1],[-3,0],[-9,-16],[-117,11],[-3,6],[-3,8],[-97,94],[-4,8],[-2,4],[-1,25],[-6,8],[-3,2],[-15,0],[-7,6],[-23,2],[-3,0],[-24,-12],[-32,1],[-145,-51],[-108,60],[-28,-5],[-16,8],[-5,2],[-3,2],[-2,9],[-31,34],[-170,-16],[-278,151],[-123,-16],[-133,-148],[-15,7],[0,-1],[-6,-15],[-5,-3],[-1,1],[-3,17],[-156,107],[-10,10],[-4,0],[-2,0],[-3,-4],[-4,-9],[-7,-6],[-6,-14],[-8,-8],[-9,0],[-13,-8],[-9,0],[-1,-1],[-9,-13],[-69,-98],[-9,-22],[-6,-4],[-99,-153],[-103,-32],[-8,-8],[-19,-5],[-1,-1],[-8,-9],[-1,-1],[0,-2],[-1,-2],[3,-6],[-1,-8],[0,-1],[8,-4],[5,-2],[0,-1],[-3,-7],[-6,-13],[-2,-5],[-8,-15],[-22,-126],[3,-7],[0,-1],[-5,-8],[-22,-14],[-144,-165],[-108,-56],[-15,-10],[-2,-4],[0,-1],[-29,4],[-6,11],[-11,-4],[-12,1],[-10,4],[0,1],[-1,9],[4,11],[3,2],[9,8],[28,97],[17,22],[-4,4],[-113,171],[-13,10],[-15,-5],[-109,60],[-110,-75],[-15,-10],[-1,1],[-1,0],[0,8],[-16,20],[-2,5],[0,7],[3,8],[0,0],[11,0],[6,7],[4,4],[1,11],[-13,17],[2,11],[1,4],[-1,4],[0,3],[-8,6],[-12,-9],[-156,-288],[-4,-6],[-2,-2],[-12,4],[-55,3],[-18,10],[-21,-8],[-25,-25]],[[53380,56543],[-6,13],[-20,166],[1,19],[-5,4],[2,9],[2,5],[8,15],[1,1],[10,-3],[60,35],[9,15],[-7,16],[-44,184],[-91,60],[-5,4],[-1,4],[1,5],[6,17],[-1,5],[-1,5],[-6,3],[-5,2],[3,12],[69,63],[58,220],[-27,115],[84,175],[1,19],[0,1],[-7,17],[-87,57],[-16,159],[9,5],[0,2],[-5,8],[0,1],[-9,10],[-4,5],[-2,23],[-8,7],[-1,7],[-1,2],[6,10],[-2,25],[3,6],[-3,8],[1,1],[7,9],[0,0],[10,2],[12,7],[7,-2],[3,2],[1,0],[0,5],[10,14],[10,5],[-1,36],[83,110],[10,10],[-4,18],[-9,49],[-12,7],[-2,0],[-9,-5],[5,212],[14,4],[4,21],[7,19],[-1,6],[1,1],[11,7],[26,-1],[5,4],[1,2],[4,2],[16,7],[3,2],[5,10],[15,25],[2,13],[0,1],[16,16],[6,41],[7,11],[-3,6],[-17,60],[13,12],[0,0],[1,3],[1,8],[8,21],[2,5],[-4,8],[-11,53],[-8,9],[4,8],[-1,8],[13,19],[11,5],[42,200],[19,8],[10,24],[10,0],[2,2],[4,4],[21,36],[-4,26],[14,14],[-6,6],[-11,10],[-2,12],[-11,40],[5,30],[0,2],[14,12],[11,23],[161,158],[129,18],[11,-13],[0,0],[10,2],[7,-5],[11,-2],[1,-1],[6,-10],[2,-3],[1,-1],[11,12],[21,25],[6,15],[2,8],[1,30],[6,8],[0,0],[0,0],[1,7],[67,-19],[6,-7],[3,0],[13,1],[164,-10]],[[54380,59642],[-73,-166],[-184,-221],[122,-223],[198,-166],[98,-100],[-4,-3],[44,-11],[70,46],[220,-147],[246,82],[280,-51],[195,180],[78,12],[89,307],[-2,170],[66,117],[249,151],[201,32],[355,88]],[[53380,56543],[12,-23],[74,-131],[115,-33],[1,-19],[2,-7],[1,-1],[20,-9],[1,-4],[0,-5],[0,-2],[3,-9],[0,-2],[-8,-1],[-8,-5],[-2,-15],[-187,-328],[-124,-58],[9,-7],[11,-1],[2,-1],[5,-5],[-5,-11],[15,-52],[13,-7],[6,-3],[0,-1],[-4,-9],[1,-26],[-10,-12],[-20,-25],[-4,-11],[-5,-24],[-1,-4],[4,-10],[-14,-25],[-8,-22],[-3,-2],[-5,-4],[-26,-25],[1,-21],[-9,-22],[3,-10],[-2,-7]],[[53234,55544],[-43,-18],[-15,-7],[-5,-3],[-12,2],[-65,4],[-11,1],[-7,-5],[-16,-7],[-9,0],[-2,-1],[-1,-1],[-15,-11],[-121,-34],[-9,-7],[-6,2],[-16,-3],[-14,6],[-1,3],[0,2],[-4,21],[-209,251],[-146,76],[-10,2],[0,2],[-3,9],[-7,22],[-2,7],[-9,0],[-10,0],[-12,9],[0,0],[-13,-3],[-9,-7],[-21,3],[-5,-3],[-4,-1],[-3,-11],[-89,-9],[-11,-10],[-2,0],[-21,2],[-10,14],[-23,0],[-1,1],[-10,25],[-9,13],[-1,2],[-15,3],[0,0],[-5,-7],[-86,-94],[-10,-4],[-11,1],[-26,6],[-12,11],[-1,1],[-19,-8],[-13,-8],[-7,14],[-1,8],[-1,1],[-24,6],[-7,12],[-12,24],[-9,15],[-29,6],[-29,78],[-197,-34],[-98,144],[-4,21],[-1,1],[-5,5],[-3,2],[0,1],[-1,3],[-5,34],[4,67],[12,23],[1,2],[-15,4],[-97,120],[-131,49],[-68,118],[-11,3],[-2,1]],[[51284,56511],[167,250],[311,178],[227,205],[131,210],[354,450],[236,335],[197,291],[211,417],[130,358],[41,458],[3,167],[-177,258],[15,380],[-223,56],[40,281],[66,59],[24,125],[118,156],[-43,214],[130,188],[170,52],[164,116],[141,26],[178,-52],[617,332],[143,121],[336,68],[253,128],[200,-19],[89,-128],[-3,-274],[-198,-4],[-175,-70],[-69,-257],[112,-225],[-224,-137],[-163,40],[-254,-123],[-60,-141],[-50,-144],[-244,-161],[-208,186],[-252,-253],[-75,-272],[79,-202],[90,105],[248,-201],[153,217],[127,63],[-10,-328],[23,-368]],[[54339,60615],[30,-212],[-394,-105],[-61,182],[146,65],[124,-78],[155,148]],[[53234,55544],[37,-56],[4,-23],[-3,-9],[-26,-10],[-11,-4],[-11,-14],[-64,-54],[-32,-255],[98,-34],[2,-151],[235,-214],[72,-242],[-89,-79],[-6,3],[-6,-1],[-15,5],[-1,-2],[-2,-17],[-6,-13],[-2,-27],[-37,-138],[-2,-12],[0,0],[-7,-5],[-251,39],[2,-10],[-3,-4],[-3,-5],[-3,-12],[-15,-17],[-26,-21],[-4,-2],[-9,2],[-55,-5],[-9,-8],[-5,3],[-25,0],[-18,10],[-22,-8],[-13,-9],[-9,-15],[-45,3],[-1,13],[-3,18],[-3,13],[2,10],[-293,-74],[-13,-11],[-9,-7],[-5,-2],[-2,0],[-5,4],[-9,7],[-157,39],[-9,1],[-2,-12],[-36,-59],[-4,-6],[4,-8],[3,-15],[-2,-14],[2,-8],[-1,-3],[-6,-14],[-18,-16],[3,-9],[-2,-4],[-5,-9],[-7,1],[-3,1],[-16,23],[-96,79],[-14,3],[-1,0],[-6,-2],[-12,7],[-6,5],[-10,15],[-102,-20],[-17,3],[-6,6],[-24,18],[-17,10],[-3,0],[-8,1],[-5,1],[-125,53],[-12,2],[0,0],[-4,3],[-3,0],[-4,0],[-17,-14],[-23,-11],[-7,-7],[-1,0],[-18,-6],[-5,0],[-3,0],[-4,-12],[-121,-81],[-11,-9],[2,-19],[18,-140],[-139,-205],[-7,-86],[7,-12],[-1,-2],[0,-2],[-8,-4],[-15,-8],[-15,-22]],[[51409,53536],[-2,5],[1,4],[0,3],[-24,19],[-10,1],[-8,15],[-28,13],[-68,11],[-40,41],[-12,1],[-127,33],[-5,10],[-1,10],[-4,4],[-3,14],[-2,5],[-3,6],[-6,2],[-3,8],[-6,-1],[-74,-3],[-10,8],[-4,-5],[-3,-23],[-5,-4],[-12,0],[-2,7],[-16,11],[-3,-1],[-18,-9],[-4,-2],[0,0],[0,-1],[-3,-12],[3,-17],[-5,-7],[-1,-2],[-2,-8],[0,-1],[-8,-3],[-4,-11],[-35,-57],[-6,-13],[0,-1],[7,-17],[45,-16],[113,-317],[-54,-112],[-163,25],[-13,6],[-4,6],[1,13],[-8,6],[-3,0],[-1,0],[-6,-13],[-1,-16],[3,-13],[-6,-5],[-5,-17],[-7,-4],[10,-24],[-1,-16],[-5,-4],[-1,0],[-1,-6],[-12,-10],[9,-40],[6,-10],[0,-1],[-6,-22],[-7,-35],[4,-9],[-3,-8],[-3,-1],[0,0],[-6,7],[-14,9],[-3,7],[-8,1],[-16,16],[-9,0],[-9,8],[-21,7],[-3,-1],[-7,-6],[-5,-15],[-5,-3],[-5,-3],[2,-7],[1,-5],[-2,-7],[-98,17],[-11,2],[-9,-21],[-21,10],[-40,-12],[-10,-2],[-1,0],[-4,1],[-2,-11],[-59,-129],[2,-11],[-9,-16],[-218,58],[-2,5],[1,10],[-20,52],[-113,-229],[-6,-4],[4,-9],[-9,-160],[-93,-149],[-117,-37],[-9,10],[-6,7],[-8,10],[3,9],[2,29],[-10,11],[-1,-2],[-1,-1],[-8,-1],[-3,0],[-10,4],[-11,8],[-11,0],[-4,2],[-5,3],[-11,-10],[-45,12],[-21,-10],[-21,3],[-1,0],[-10,-18],[-3,-42],[-7,-26],[0,-4],[0,-3],[4,-4],[3,-5],[-9,-28],[-65,6],[-50,-98],[-13,-4],[-3,-8],[-19,-34]],[[49436,52115],[-7,-2],[-4,-2],[-3,4],[-1,2],[-7,-1],[-10,-8],[-1,-1],[-1,-1],[-1,-5],[-1,1],[-7,4],[-7,1],[-2,0],[-17,12],[-22,9],[-5,0],[-14,-2],[3,-8],[1,-3],[-2,-9],[0,-1],[-9,-7],[-8,-6],[-3,0],[-15,-3],[-1,0],[-2,2],[-12,8],[-4,-3],[0,0],[-5,-1],[-5,0],[-3,4],[-1,2],[-7,1],[-6,5],[-1,2],[-4,3],[-4,-6],[-2,-3],[-6,2],[-1,1],[-7,-4],[-3,-12],[-2,-4],[-2,-4],[-2,-5],[-10,-3],[-3,-2],[-2,-2],[-2,-2],[-3,1],[-3,1],[-1,-4],[-2,-4],[-12,-5],[0,0],[-1,1],[-5,4],[-6,-1],[-1,0],[-2,1],[-4,2],[-5,2],[-2,1],[-7,0],[-8,8],[-2,1],[-4,1],[-5,1],[-8,-3],[-2,-1],[-1,1],[-4,3],[-8,6],[-3,2],[-14,0],[-2,2],[-2,2],[-2,-1],[-1,-1],[0,5],[-5,7],[-7,6],[-2,0],[-8,0],[-1,2],[-4,12],[-3,-1],[-8,0],[-10,-2],[-7,0],[-5,6],[-5,6],[-2,0],[-12,2],[-8,2],[-12,6],[-4,6],[-2,2],[-9,7],[-3,3],[-10,8],[-1,1],[-5,-1],[0,-4],[-1,-1],[0,-1],[-6,-5],[-3,-1],[-4,-1],[-3,-1],[-8,4],[-2,3],[-1,2],[-1,0],[-9,1],[-4,2],[-6,3],[-4,3],[-6,4],[-8,6],[-1,1],[-2,0],[-7,-1],[-9,4],[-1,-1],[-3,-2],[-1,0],[-2,1],[-6,4],[-1,0],[-1,0],[-12,-8],[0,-1],[-2,-11],[-1,1],[-9,13],[-6,8],[-1,1],[-5,-1],[-1,-1],[-5,3],[-4,1],[-3,-1],[-9,-3],[0,1],[-2,3],[-7,2],[-6,2],[-1,0],[-3,-1],[-4,-10],[-3,-1],[-1,-1],[-4,-1],[-1,-1],[-6,-6],[-3,1],[-1,0],[-3,-2],[-8,5],[-4,2],[-4,2],[-1,2],[-4,7],[-10,7],[0,1],[-4,6],[-13,1],[0,0],[-1,-1],[-4,-3],[-10,-1],[-3,2],[-6,3],[-2,-1],[-3,-1],[-8,11],[-2,1],[-4,1],[0,1],[-5,-3],[-3,-2],[-2,-1],[-1,0],[-9,0],[-6,5],[-11,-2],[-2,0],[-6,3],[-6,-1],[-1,-1],[-1,-2],[-1,0],[-10,-1],[-2,0],[-2,1],[-5,1],[-1,0],[-32,-2],[-10,3],[0,1],[-9,4],[-10,5],[-5,2],[-2,1],[0,3],[-1,10],[-1,8],[-3,5],[-1,2],[6,4],[3,2],[2,7],[0,2],[-1,6],[1,1],[11,10],[-1,4],[-2,6],[-1,2],[-2,9],[-6,1],[-4,1],[-1,2],[-5,11],[-4,9],[4,10],[1,2],[2,1],[3,1],[8,13],[1,2],[0,5],[0,2],[-3,3],[-5,6],[-1,2],[0,3],[1,4],[-1,2],[-3,7],[-1,2],[0,5],[1,8],[-11,13],[-4,0],[-3,0],[-5,5],[-19,-5],[-1,0],[-6,6],[-3,0],[-2,0],[-2,1],[-6,6],[-4,-3],[-4,-2],[-2,-2],[-2,-2],[-8,-9],[-2,0],[-8,-3],[-4,-1],[-5,12],[-4,8],[-6,4],[-8,0],[-2,4],[-1,1],[3,5],[2,3],[-2,5],[-2,3],[5,6],[5,7],[6,0],[2,1],[2,3],[-3,4],[-3,3],[-3,8],[-1,4],[0,1],[-1,1],[-6,4],[-3,2],[-2,0],[-15,-2],[-11,3],[4,7],[1,1],[-3,6],[-3,8],[-1,3],[-2,4],[-4,10],[0,5],[-7,-2],[-1,0],[-1,0],[-6,2],[-3,-1],[-3,-1],[-1,1],[-9,8],[-16,15],[-1,1],[-8,2],[-3,1],[-2,2],[1,3],[-2,6],[-1,4],[-1,4],[-12,12],[-5,5],[-6,2],[-3,1],[-5,8],[-5,8],[0,2],[-1,5],[-6,6],[1,3],[4,7],[0,1],[-3,11],[14,26],[0,0],[4,4],[11,12],[2,7],[0,2],[1,0],[5,2],[4,1],[0,0],[-1,7],[0,2],[0,1],[4,10],[1,1],[8,4],[5,-6],[3,-3],[4,4],[1,1],[1,1],[-2,6],[-1,1],[2,5],[0,0],[0,1],[-7,21],[-1,3],[-5,18],[1,2],[1,2],[2,2],[3,4],[7,11],[-13,13],[-2,0],[-4,0],[-4,3],[-1,2],[-2,0],[-11,0],[0,0],[-6,10],[-3,6],[-1,1],[-3,1],[-8,3],[-5,2],[-6,6],[-1,1],[-5,5],[-2,2],[-1,1],[-5,2],[-2,1],[-7,12],[-1,1],[-8,-1],[-2,22],[0,1],[-1,1],[1,2],[1,4],[0,1],[4,2],[2,1],[0,2],[2,13],[1,0],[6,4],[3,10],[0,8],[-1,8],[4,5],[2,3],[6,8],[4,4],[7,10],[0,0],[1,21],[5,3],[7,3],[2,2],[11,9],[21,8],[2,0],[6,0],[11,7],[9,2],[3,0],[2,3],[1,1],[1,0],[20,7]],[[48349,53063],[-64,-133],[256,-191],[108,6],[148,110],[13,-110],[-4,-31],[154,-24],[58,64],[197,-37],[3,376],[145,11],[35,-113],[114,-53],[173,20],[-34,80],[-48,28],[5,50],[102,-29],[-97,372],[118,-31],[97,-128],[371,64],[40,297],[-48,210],[217,155],[76,-299],[10,-185],[112,3],[77,236],[23,255],[-108,280],[-227,223],[-53,57],[-3,241],[-134,168],[9,122],[182,175],[38,172],[127,261],[119,86],[57,129],[123,193],[-35,167],[238,24],[245,177]],[[61566,52324],[-2,0],[-6,-2],[-13,-11],[-142,-87],[-22,28],[-7,8],[-16,14],[0,1],[-11,-5],[-12,-5],[-11,3],[-4,6],[-2,1],[-4,1],[-17,-7],[-11,-11],[-41,-15],[-3,-2],[-12,-22],[-379,-72],[-194,-24],[-36,165],[-30,25],[-94,0],[-2,0],[-58,-13],[-120,191],[-15,4],[-12,18],[0,5],[-9,8],[-4,9],[0,1],[-6,-8],[-169,-151],[-18,-12],[1,-10],[-15,-132],[9,-14],[-2,-54],[4,-52],[-6,-16],[0,-2],[4,-19],[11,-17],[6,-7],[0,-47],[-88,-80],[8,-241],[68,-266],[5,-22],[-1,-1],[-17,-14],[-16,6],[-7,1],[-7,-2],[-75,-104],[-14,-5],[-3,-3],[-2,-2],[1,-5],[-3,-8],[-11,-8],[-4,-6],[-1,-1],[-1,0],[-14,6],[-189,39],[-29,11],[-14,11],[-11,36],[-24,41],[0,1],[-11,1],[-8,7],[-26,8],[-16,-9],[-15,-2],[-8,26],[-9,6],[-5,29],[-100,267],[15,123],[8,14],[-8,13],[-46,53],[-2,19],[-2,1],[-1,1],[-6,-7],[-13,1],[0,-2],[-1,-3],[-3,0],[-6,-2],[-9,4],[-17,9],[-30,40],[-13,-1],[-164,-79],[-17,-24],[-14,3],[-79,48],[-39,228],[-64,30],[-9,5],[3,9],[97,161],[-53,221],[95,281],[-72,207],[-17,14],[-2,4],[-3,8],[0,7],[4,21],[-14,14],[-5,12],[-1,3],[0,1],[2,15],[-1,13],[0,1],[-8,6],[3,14],[12,45],[3,5],[-6,8],[-36,192],[-7,19],[-2,2],[-5,6],[-2,1],[-7,-1],[-5,0],[-15,-4],[-9,-1],[-1,-1]],[[58877,53469],[-1,2],[-2,1],[-3,12],[-92,115],[-25,151],[-21,30],[-2,3],[-2,11],[-1,3],[1,1],[5,15],[2,3],[6,7],[9,1],[2,9],[150,140],[8,8],[8,-2],[6,8],[22,15],[-11,17],[-4,6],[-8,5],[-11,6],[-3,1],[-10,2],[-10,17],[-3,6],[-16,4],[-43,52],[-14,-8],[-2,0],[-12,3],[-1,0],[-10,5],[-18,9],[-8,16],[-5,56],[234,404],[135,-125],[165,206],[72,179],[29,32],[1,1],[15,11],[1,1],[7,-2],[1,0],[1,0],[2,2],[0,10],[0,9],[1,6],[1,4],[5,6],[11,30],[18,11],[2,5],[3,15],[52,-10],[27,-14],[28,-9],[100,-25],[76,-40],[4,-4],[5,-10],[22,-28],[8,-10],[1,-3],[-10,-26],[4,-129],[5,-11],[1,-2],[2,-15],[1,0],[4,5],[1,4],[2,7],[10,2],[101,-27],[9,-8],[8,1],[14,22],[6,10],[3,23],[-5,15],[4,0],[7,0],[0,0],[0,0],[8,5],[345,26],[7,8],[11,-10],[53,-101],[-10,-10],[4,-9],[45,-98],[15,-3],[0,0],[7,2],[4,2],[14,10],[23,-16],[83,27],[11,-1],[1,0],[6,-8],[2,-1],[1,0],[9,-2],[22,-8],[27,-8],[12,24],[102,146],[9,17],[15,-1],[66,-1]],[[58877,53469],[-112,-318],[-20,-17],[-8,7],[-33,24],[-3,9],[-1,0],[-21,6],[-21,-8],[-2,-3],[-4,-20],[-33,-25],[0,-1],[-3,-21],[-12,-23],[-6,-20],[-19,-10],[68,-39],[2,-8],[0,0],[-30,-41],[-14,-7],[-4,-24],[-15,-11],[-4,-8],[-12,-14],[-2,-3],[2,-7],[9,1],[19,-10],[0,-6],[-1,-22],[-6,-7],[-2,-3],[-2,-19],[-11,-15],[-4,-10],[0,0],[3,-6],[10,0],[75,-24],[8,-5],[-2,-4],[-8,-10],[-13,-18],[1,-19],[-8,-25],[-1,-8],[0,-10],[1,-3],[13,-7],[0,-1],[1,-10],[0,-5],[0,-3],[-11,-21],[-2,-14],[-6,-4],[-15,-2],[-104,-16],[-5,6],[-5,-1],[-4,-7],[-1,-1],[-3,-6],[2,-101],[0,-7],[5,-9],[106,-134],[15,-13],[-1,-5],[-5,-28],[-37,-91],[-2,-5],[-12,-4],[-133,-56],[-10,-11],[-1,-1],[-14,-1],[-1,0],[-3,-7],[-6,-4],[-3,-9],[8,-34],[1,-13],[-10,0],[-2,-1],[-21,-8],[-1,0],[-6,-1],[-4,1],[-3,1],[-8,5],[-11,20],[-14,3],[-17,14],[-31,0],[-6,0],[-17,-15],[-5,0],[-2,-19],[-14,-18],[-10,-4],[-3,-1],[-19,1],[-18,-7],[-2,-2],[-2,-2],[0,-8],[4,-8],[-57,-113],[-19,-19],[0,-1],[-1,0],[-12,9],[-173,-67],[-15,-28],[-1,0],[-2,5],[-168,-116],[-17,-23],[-21,-4],[-54,15],[-12,7],[0,-1],[-7,-17],[-49,-116],[-2,-16],[-1,-2],[-3,-5],[-7,-5],[-7,-12],[-3,-2],[-10,-8],[-3,1],[-17,10],[-6,0],[-110,-26],[5,-12],[0,-2],[-1,-1]],[[57410,51441],[-43,16],[-17,-1],[-25,-9],[-35,-19],[-10,-6],[-14,-13],[-16,-3],[-50,4],[-3,-5],[-9,-3],[-4,-7],[-4,5],[-19,8],[-18,4],[-1,1],[-9,16],[-157,58],[-7,-3],[-2,1],[-7,12],[-1,2],[0,1],[0,3],[3,1],[1,1],[2,9],[-2,13],[-5,-1],[-3,-5],[-4,-1],[-2,-1],[-11,3],[-14,-4],[-14,14],[0,0],[-8,8],[-2,1],[0,0],[-6,0],[-18,-11],[-21,11],[-11,-4],[-9,-9],[-2,-1],[-11,2],[-15,19],[-11,-20],[-19,1],[-8,-11],[-14,-7],[-15,2],[-1,0],[0,0],[-10,-3],[-15,4],[-3,0],[-10,-6],[-2,-26],[0,-17],[0,0],[-13,-7],[-21,-33],[-8,0],[-21,5],[-11,4],[-196,-53],[-12,-6],[-2,0],[-4,0],[-2,2],[-1,2],[0,12],[-3,10],[-2,13],[6,12],[-5,16],[-112,179],[-7,4],[1,12],[78,126],[11,4],[4,3],[1,2],[-8,12],[-5,9],[-1,10],[-2,1],[-13,1],[-4,-1],[0,0],[-3,-3]],[[56344,51801],[-12,37],[4,25],[-2,16],[-8,17],[0,0],[7,5],[50,37],[11,-7],[0,0],[7,-1],[7,10],[15,-2],[6,3],[0,13],[77,49],[2,11],[-4,6],[5,3],[-9,22],[-12,163],[-1,14],[-11,7],[-66,46],[-4,2],[-2,4],[-3,20],[-3,20],[5,3],[92,-33],[19,2],[24,-6],[12,-1],[14,-3],[4,7],[13,4],[22,14],[10,2],[10,7],[0,0],[5,13],[-1,2],[-4,11],[-2,3],[-8,8],[4,7],[0,10],[-7,3],[-144,168],[152,128],[-27,67],[2,18],[-6,7],[17,62],[11,9],[0,1],[0,1],[-3,4],[-6,4],[-12,5],[-174,125],[-65,140],[-194,185],[120,193],[2,8],[-7,10],[-30,38],[-82,76],[-8,6],[-4,11],[-8,7],[0,0],[0,0],[-9,0],[-1,0],[-6,4],[-4,6],[-21,55],[-5,9],[-17,7],[-21,79],[-4,18],[-6,21],[-23,9],[-36,57],[-12,11],[0,6],[-51,93],[-3,5],[-1,-1],[-9,-9],[-62,27],[1,19],[-10,1],[-16,1],[-2,1],[-13,17],[-113,104],[-15,7],[-90,1],[-13,-4],[-4,-2],[-4,-3],[-5,-5],[-23,23],[-5,2],[-5,0],[-3,0],[-27,-13],[-20,-3],[-5,2],[-4,3],[-7,11],[-1,2],[2,7],[-17,140],[8,35],[3,6],[11,11],[76,-9],[96,235],[168,51],[36,9],[15,0],[5,-24],[12,-4],[3,-3],[4,-4],[15,-20],[20,-8],[1,0],[20,-11],[46,16],[23,6],[2,9],[20,21],[-3,25],[13,13],[-4,25],[3,10],[133,111],[95,203],[144,87],[16,11],[19,12],[2,1],[4,12],[26,62],[5,17],[0,0],[-1,4],[3,11],[-6,37],[33,89],[25,17],[1,3],[3,14],[-12,16],[-2,4],[2,6],[5,24],[5,11],[-3,4],[-5,4],[-10,0],[-18,-6],[-207,156],[65,206],[89,47],[-62,193],[83,179],[198,217],[-5,193],[-3,52],[-1,2],[-38,4],[-4,11],[-185,182],[2,16],[0,10],[1,2],[0,0]],[[56344,51801],[2,-10],[-4,-8],[4,-9],[0,-1],[-3,0],[-12,4],[-140,1],[-174,-145],[-24,-34],[-4,-3],[-3,0],[-9,5],[-118,-103],[-21,-8],[-5,1],[-2,1],[-3,9],[-149,69],[-6,4],[-8,16],[-135,60],[-154,146],[-8,9],[0,5],[-12,-5],[-13,-1],[-14,-5],[-1,0],[-4,7],[-63,-8],[-9,-2],[-1,1],[-3,2],[-2,7],[0,0],[-5,1],[-197,-161],[-58,7],[-2,-10],[-2,-7],[-2,-3],[-2,-1],[-5,8],[-16,-10],[-5,-6],[-5,4],[-8,5],[-23,2],[-5,-6],[0,0],[-1,0],[-15,5],[-1,1],[-12,16],[-25,34],[-9,2],[9,7],[7,9],[-4,10],[-1,0],[-5,4],[-3,3],[0,9],[-174,98],[-4,-2],[-6,5],[-9,2],[-2,1],[-11,3],[0,0],[-6,6],[-25,4],[-26,8],[-2,1],[-16,4],[0,-10],[-12,-11],[3,-14],[1,-7],[-1,-1],[-9,-8],[0,0],[-9,2],[-88,79],[-17,5],[1,13],[-14,124],[-9,4],[-21,-5],[-12,-6],[-9,-8],[-2,-2],[-7,4],[-6,19],[0,2],[0,6],[2,35],[12,52],[-8,26],[-3,4],[-185,94],[-53,147],[4,12],[9,3],[18,17],[-26,2],[-47,-14],[-19,2],[-6,-1],[-12,-4],[-4,-3],[-3,-4],[-7,-23],[0,0],[8,-38],[-2,-22],[-6,-11],[-17,-14],[-113,-69],[-22,-13],[-1,0],[-34,-6],[-4,0],[-38,0],[-34,0],[0,0],[-17,1],[-210,-104],[-65,16],[-52,5],[-6,1],[-35,14],[4,12],[2,11],[-67,5],[-10,1],[-54,-49],[-26,-67],[-8,-24],[-9,-21],[-49,-91],[-101,-156],[-19,-28],[-4,-6],[-1,-3],[-32,-76],[-17,-22],[-13,-11],[-10,-8],[-9,-9],[-14,-17],[-4,-10],[-2,-6],[0,-4],[1,-17],[6,-39],[7,-42],[1,-59],[6,-19],[-1,-14],[-7,-10],[-31,-33],[5,-169],[-13,-61],[6,-32]],[[52920,51076],[-67,125],[-35,21],[-7,-17],[-36,-67],[-4,9],[-3,0],[-12,1],[-4,-4],[-21,-16],[-9,12],[-5,0],[-8,6],[-4,0],[-5,1],[-6,11],[-3,4],[1,8],[-34,96],[-5,2],[-4,9],[-4,4],[-1,0],[-8,-7],[-8,11],[-10,7],[-5,0],[-4,14],[-118,118],[-77,173],[-17,8],[-2,0],[0,5],[0,7],[0,2],[-8,13],[-2,3],[-1,5],[-1,2],[3,8],[-25,2],[0,0],[-29,-16],[-55,-89],[-153,14],[-130,-55],[3,9],[-9,5],[-2,-1],[-9,-7],[-13,-12],[-6,-5],[-25,-17],[-3,-2],[-3,-10]],[[51927,51466],[-12,3],[-70,164],[-2,153],[-7,5],[-1,2],[0,13],[31,43],[13,5],[2,1],[0,13],[12,7],[2,1],[2,13],[-2,9],[10,12],[6,6],[5,9],[39,154],[-40,102],[114,67],[10,23],[1,1],[-9,4],[-2,2],[-3,14],[-112,117],[40,112],[15,29],[-6,22],[-12,11],[-2,27],[-1,19],[-1,3],[-6,6],[-108,85],[-15,15],[0,18],[52,176],[-95,99],[-6,35],[-2,1],[-4,4],[-27,1],[-17,-44],[-7,-8],[-3,-21],[-7,-8],[-2,-14],[-4,-5],[-32,-4],[-4,-7],[-1,0],[-9,6],[-68,38],[-12,-6],[-19,14],[0,24],[-5,23],[1,1],[9,37],[19,240],[-128,19],[-7,0],[-6,17],[-22,75],[5,6],[1,11],[-6,18],[-16,15],[-3,6],[-1,3],[3,13],[14,15]],[[62304,51109],[-124,-221],[-6,-225],[73,-64],[-1,-198],[50,-99],[150,-65],[11,-96],[-67,-272],[-184,-117],[-93,-313],[-126,-103],[-132,-216],[-175,-249],[-161,-163],[-233,-123],[-275,211],[56,98],[-174,148],[20,139],[117,154],[-99,253],[60,191],[-54,47],[0,0],[0,0],[138,177],[-50,155],[-53,152],[82,252],[234,-51],[158,29],[7,123],[-161,224],[-205,128],[-153,46],[-276,3],[-163,-74],[-306,-68],[-95,-216],[-153,-160],[147,-52],[-118,-171],[-107,-59],[-231,-89],[-226,-137],[-29,-71],[-80,-147],[39,-173],[-168,-296],[-203,-103],[-103,-162],[-84,-298],[47,-129],[-52,-90],[-437,195],[-417,108],[-224,5],[-437,-94],[-486,114],[-288,34],[-436,-6]],[[56048,48925],[28,121],[-58,339],[62,58],[1,17],[-4,7],[-1,5],[-1,12],[6,7],[5,24],[-4,6],[-13,12],[-8,11],[-1,2],[-2,13],[8,8],[23,29],[22,13],[3,5],[-10,15],[-1,1],[1,3],[0,2],[4,10],[0,6],[198,97],[134,-8],[43,104],[139,61],[99,277],[137,122],[9,7],[3,-2],[25,-7],[0,0],[8,7],[2,2],[0,2],[0,4],[-8,14],[-6,10],[-13,29],[31,46],[1,1],[-2,9],[-12,-1],[-10,12],[1,8],[-5,15],[6,9],[0,1],[2,10],[-1,7],[6,7],[4,14],[-2,5],[1,0],[136,196],[135,99],[11,103],[0,0],[0,0],[2,-2],[4,-8],[42,-11],[7,1],[10,35],[23,14],[0,2],[-11,59],[-2,38],[-14,3],[-3,2],[-4,3],[1,14],[2,16],[2,2],[4,2],[10,3],[109,149],[-81,54],[-4,19],[15,19],[79,110],[27,0],[4,1],[6,4],[2,1]],[[56048,48925],[-556,-129],[-838,-290],[-103,17],[-301,-58],[161,350],[230,-86],[338,204],[299,247],[62,-13],[24,-226],[52,423],[-54,67],[-33,123],[-153,-29],[-136,58],[-212,-126],[-196,2],[-351,-60],[-112,183],[-101,19],[-59,161],[86,246],[30,231],[-9,-2],[-31,-112],[-22,-146],[-111,-180],[-75,-233],[-25,-200],[90,-119],[110,-62],[28,-127],[-120,-20],[-209,97],[-108,84],[-21,43],[-45,84],[71,224],[-18,229],[-134,98],[25,259],[-32,129],[99,153],[91,45],[-66,32],[121,244],[-110,-50],[-119,111],[-69,-135],[-49,-174],[-90,33]],[[53297,50544],[-78,274],[-117,111],[-7,-3],[-16,11],[-49,63],[-24,29],[-86,47]],[[53297,50544],[-80,69],[-191,-71],[-102,-69],[-107,-140],[-14,-357],[-104,-221],[-174,-229],[-150,-272],[-31,-290],[100,-66],[1,-170],[21,-105],[188,-54],[168,-58],[50,-104],[214,-102],[190,-145],[168,-25],[27,-110],[82,48],[128,-169],[194,-66],[17,-139],[-212,-132],[-69,-76],[114,-122],[-14,-340],[-135,-99],[-287,44],[71,132],[-275,64],[-99,-48],[-104,88],[-104,-165],[-131,-87],[-326,55],[-38,-89],[-305,-132],[-123,-88],[0,0],[0,0],[-85,-29],[-79,51],[-185,-130],[-113,-202],[29,-91],[33,-27],[58,5],[-27,-63],[-166,-47],[-82,-15],[31,-227],[144,-76],[-84,-149],[-192,37],[84,-239],[-313,-222],[-192,-70],[-134,-211],[-133,-320],[-76,-230]],[[50373,44449],[-16,19],[-29,10],[-58,29],[-14,4],[-4,1],[-10,-1],[-19,-5],[-3,-9],[-1,-4],[1,-6],[7,-7],[5,-4],[2,-4],[3,-7],[1,-4],[0,-8],[-1,-3],[-3,-1],[-8,-1],[-42,7],[-65,35],[-15,13],[-8,18],[-5,75],[-1,11],[-5,4],[-90,44],[-19,-2],[-7,2],[-5,6],[-16,56],[-1,2],[-18,29],[5,19],[-12,29],[-6,10],[-4,5],[-9,7],[-6,3],[-20,-6],[-42,36],[-32,9],[-23,25],[-7,13],[-1,4],[1,6],[11,43],[-22,134],[0,17],[14,12],[7,15],[-3,22],[0,2]],[[49780,45153],[1,2],[4,9],[39,-73],[13,-5],[1,0],[0,10],[7,2],[0,1]],[[49845,45099],[1,1],[11,11],[79,58],[10,16],[2,9],[-1,16],[-35,40],[3,-56],[-9,-4],[-3,0],[-10,5],[-8,9],[-4,11],[-13,75],[-7,30],[3,1],[4,2]],[[49868,45323],[0,-1],[5,-7],[11,-4],[40,-2],[4,8],[6,21],[-12,24],[-3,11],[4,2],[9,4],[19,-1],[26,-13]],[[49977,45365],[30,6],[2,0],[12,-11],[3,-3],[1,-4],[3,-8],[24,8],[18,7],[5,13],[-12,62],[-13,29],[-1,3],[1,2],[2,3],[1,0],[27,-9],[118,-54],[6,3],[2,2],[15,27],[10,127],[5,17],[2,4],[3,3],[9,4],[10,3],[18,0],[18,-17],[6,-17],[1,-2],[13,-17],[9,-5],[1,0],[5,4],[9,27],[27,15],[9,10],[2,5],[1,5],[0,4],[-1,18],[-2,3],[-17,18],[-44,90],[-5,14],[0,1],[6,5],[17,-5],[3,0],[8,3],[2,2],[7,22],[-1,5],[-1,2],[-10,6]],[[50341,45795],[0,0],[0,17],[131,114],[5,-6],[2,0],[4,0],[2,9],[2,5],[4,3],[4,1],[1,-4],[1,-7],[0,-11],[37,-12],[-1,8],[1,0],[5,2],[3,1],[2,-6],[169,-49],[4,9],[0,0],[0,0],[11,0],[1,7],[-6,20],[-18,62],[-22,16],[-1,1],[20,44],[26,197],[15,16],[-15,17],[7,14],[-5,21],[-2,4],[0,1],[-9,3],[-9,14],[5,11],[2,3],[12,5],[2,1],[5,4],[3,2],[6,12],[-19,56],[-6,11],[2,5],[16,11],[-2,17],[0,3],[-1,14],[0,3],[6,7],[18,16],[10,12],[-4,18],[-6,18],[-23,18],[-5,7],[-1,3],[3,8],[-10,53],[-13,1],[-13,6],[-6,8],[-7,2],[6,15],[-3,11],[0,0],[12,12],[136,252],[-50,61],[12,10],[-5,15],[-99,146],[133,70],[-7,11],[-14,14],[-40,31],[-17,5],[-2,8],[-22,22],[-3,3],[-2,5],[-1,3],[3,20],[-10,10],[-7,11],[-3,8],[-1,4],[7,14],[-5,7],[0,8],[-2,4],[-4,7],[-1,5],[-1,8],[-3,2],[-10,6],[-4,1],[0,1],[-1,19],[-71,95],[-7,8],[-3,2],[1,15],[-2,9],[8,6],[5,3],[9,11],[67,152],[13,19],[1,2],[14,2],[12,0],[13,-2],[86,47],[297,14],[3,2],[86,189],[4,15],[-2,10],[-1,2],[-19,4],[-54,157],[-154,-45],[-9,3],[0,2],[-1,18],[2,8],[8,7],[2,16],[5,17],[-1,3],[-6,16],[0,1],[-11,4],[-8,8],[-15,19],[-5,6],[6,7],[1,1],[-16,21],[3,10],[-9,3],[-63,17],[-5,8],[-17,-27],[-68,-39],[-8,-4],[-11,24],[-1,8],[1,9],[-2,5],[-2,3],[-5,1],[-5,-4],[-4,-1],[0,5],[-3,3],[-218,116],[-10,15],[7,10],[54,153],[16,9],[8,2],[5,12],[-111,160],[-6,10],[1,3],[4,10],[12,-18],[132,5],[-2,6],[1,2],[3,5],[12,6],[9,40],[8,8],[-2,5],[-5,8],[-3,2],[-6,3],[2,12],[-20,43],[-10,32],[-6,3],[-44,6],[-10,2],[-6,12],[-7,4],[-2,-1],[-2,-2],[-5,9],[2,7],[23,4],[35,48],[-7,2],[0,0],[6,10],[-44,81],[-8,7],[0,0]],[[50541,49216],[0,0],[-1,0],[-6,1],[-1,3],[-3,3],[-3,0],[-3,-1],[-1,1],[-3,2],[-1,0],[-8,16],[-1,2],[-7,7],[-3,3],[-5,1],[-1,1],[-1,1],[-1,4],[-3,1],[-11,6],[0,5],[-1,9],[-2,4],[-4,5],[2,4],[1,6],[-13,2],[-1,0],[-15,-5],[-3,3],[-2,2],[-3,2],[2,13],[1,2],[7,6],[-5,12],[-2,3],[6,17],[8,12],[2,3],[2,9],[1,1],[0,2],[-2,15],[0,9],[-3,1],[-2,1],[-2,1],[-3,-3],[-1,0],[-4,6],[-1,1],[0,0],[-4,-1],[-2,-1],[0,0],[0,1],[-5,1],[-7,3],[-7,3],[-2,0],[-10,19],[0,0],[1,4],[1,1],[1,8],[0,1],[-2,5],[3,0],[3,0],[2,4],[0,2]],[[50413,49465],[0,0],[8,1],[9,-6],[70,40],[8,11],[5,-1],[144,45],[8,1],[5,2],[5,3],[4,9],[121,246],[-128,106],[14,-6],[7,0],[11,7],[1,1],[3,5],[11,26],[33,23],[5,5],[1,0],[7,-4],[-1,-5],[7,-6],[0,-1],[-2,-4],[289,-111],[3,-4],[2,-2],[4,-1],[10,1],[28,-15],[5,-6],[17,1],[0,0],[11,-6],[11,-7],[13,-3],[131,-35],[13,3],[1,1],[15,11],[99,44],[53,13],[6,12],[11,4],[6,-7],[4,1],[1,0],[13,15],[19,41],[12,4],[6,3],[7,5],[11,-1],[77,30],[14,-5],[10,7],[67,41],[75,224],[8,2],[2,-1],[8,-4],[8,-4],[12,3],[0,1],[3,10],[74,132],[0,11],[0,2],[3,15],[-5,23],[-5,11],[3,5],[23,13],[3,3],[1,3],[-1,5],[-3,5],[-2,2],[1,9],[-12,29],[0,15],[1,3],[6,8],[-2,6],[-4,7],[6,3],[10,6],[0,12],[12,26],[-21,2],[-2,1],[-2,2],[2,6],[48,128],[9,2],[1,9],[8,4],[11,15],[5,-2],[5,-3],[0,3],[2,6],[-2,18],[-6,11],[3,9],[-11,12],[-6,21],[-2,5],[0,1],[11,3],[1,3],[13,9],[0,1],[0,2],[-7,15],[-1,3],[-7,6],[18,89],[-10,24],[0,3],[0,1],[17,11],[39,204],[-9,16],[-14,5],[-56,47],[-7,11],[-3,3],[-22,15],[-5,6],[-19,-8],[-13,11],[-15,5],[-14,5],[31,128],[-6,14],[0,2]],[[50413,49465],[-3,1],[-6,1],[-1,1],[-1,1],[-4,3],[-4,3],[-3,3],[-1,1],[-2,15],[-1,-1],[-3,-1],[-4,-2],[-4,-6],[-5,1],[0,1],[-1,2],[0,1],[-2,7],[-1,4],[0,2],[-1,1],[1,0],[4,8],[4,8],[0,0],[3,7],[2,3],[1,1],[2,4],[0,1],[2,11],[0,1],[3,3],[3,4],[8,10],[1,-1],[7,-1],[15,12],[3,-1],[2,-1],[3,2],[7,5],[2,7],[-2,8],[0,3],[-1,3],[-1,4],[0,2],[-4,0],[-1,0],[-2,4],[-4,2],[-13,8],[0,0],[-9,8],[-3,2],[-2,5],[-1,2],[-1,1],[-5,2],[-3,-10],[0,-1],[-4,-2],[0,0],[-5,-3],[-4,-2],[-1,1],[-4,2],[-3,1],[-1,1],[-17,1],[0,3],[-2,6],[-4,13],[0,1],[-6,7],[0,1],[1,21],[1,1],[5,6],[-2,10],[0,0],[1,2],[1,0],[4,6],[1,1],[-5,6],[-1,1],[-7,2],[-3,1],[-8,-1],[-3,-2],[-4,-3],[-2,-1],[-8,-6],[-1,-1],[-10,4],[-3,-2],[-3,-2],[-2,-1],[-4,-3],[-4,-3],[-4,4],[-7,0],[-12,-11],[-15,-3],[-3,0],[-5,0],[-3,0],[-3,0],[-2,-1],[-2,-2],[-5,2],[-2,1],[-3,-2],[-3,-1],[6,12],[0,3],[1,7],[-1,1],[-1,4],[4,11],[-3,2],[-5,4],[-4,-1],[-5,-1],[-3,7],[-1,4],[-14,5],[-1,1],[0,8],[0,5],[-2,0],[-1,1],[-2,5],[0,1],[-2,-1],[-6,-3],[-3,5],[-1,0],[-4,0],[-1,-1],[-8,-6],[-5,0],[-3,-3],[-1,-2],[-3,0],[-3,0],[-6,-4],[-4,2],[-4,-3],[-4,2],[-1,0],[1,3],[2,7],[-1,3],[-6,13],[0,6],[-2,5],[-6,1],[-4,10],[1,3],[0,0],[-1,1],[-4,5],[0,4],[1,7],[0,1],[0,4],[0,5],[6,14],[3,7],[-1,2],[-1,3],[2,4],[0,1],[0,3],[-3,10],[2,2],[-11,8],[-1,1],[-2,6],[4,5],[0,1],[2,9],[-1,3],[-2,11],[-1,2],[-3,3],[3,13],[2,10],[0,1],[-10,-6],[-2,0],[-6,-4],[-4,-6],[-4,-7],[-2,-4],[-4,0],[-4,2],[-2,1],[-1,0],[-6,-2],[-1,0],[-4,-6],[-1,0],[-3,-2],[0,-1],[-1,0],[-5,-3],[-3,-2],[-1,0],[-1,-3],[-3,-4],[-7,2],[-1,0],[-2,1],[-3,1],[-1,0],[-4,1],[-5,-3],[-1,0],[-5,-3],[-1,0],[-3,2],[-5,-3],[-2,1],[0,0],[-11,-14],[0,-7],[-1,-9],[-5,-3],[-6,-4],[2,-5],[1,-2],[-2,0],[-11,-1],[-6,-4],[-7,-6],[-2,0],[-9,-2],[-8,8],[-8,4],[-7,3],[-13,5],[-2,0],[-8,0],[-4,0],[0,1],[2,6],[1,7],[9,5],[2,1],[0,8],[-6,8],[-8,4],[-3,2],[-1,0],[-3,-1],[-3,-1],[-4,-1],[-10,5],[0,1],[-2,3],[-1,4],[-4,-1],[-4,-1],[-6,12],[-2,0],[-6,0],[-22,16],[4,7],[-1,15],[-11,19],[-6,12],[17,17],[9,3],[6,10],[0,23],[-7,7],[-3,13],[0,2],[6,9],[1,7],[5,5],[-4,10],[7,4],[1,6],[3,4],[2,2],[1,3],[1,1],[4,1],[1,1],[1,2],[2,6],[1,1],[6,5],[3,2],[3,2],[-6,14],[-2,5],[-1,4],[-1,2],[-1,0],[-2,2],[1,4],[-2,7],[-1,3],[8,14],[2,4],[-1,1],[0,0],[-4,5],[-2,3],[-4,4],[0,7],[-1,6],[-1,3],[0,2],[-5,6],[-12,2],[0,0],[-5,6],[-4,0],[-4,-1],[-14,5],[-1,5],[-3,10],[-4,5],[-5,6],[-6,6],[-10,10],[-1,1],[1,8],[-3,7],[-4,3],[-2,1],[-2,0],[-4,0],[1,10],[2,3],[6,7],[-1,2],[-3,8],[3,1],[3,2],[3,5],[2,4],[-2,7],[2,6],[-2,3],[-2,3],[-2,5],[-10,-2],[-6,-1],[-4,3],[-3,0],[2,16],[2,8],[-4,8],[-21,-6],[0,-2],[-1,-2],[-60,8],[-4,0],[10,11],[-2,6],[14,18],[-1,10],[5,1],[1,-8],[6,0],[4,9],[-8,14],[-1,1],[-2,9],[-4,15],[-8,1],[-5,-2],[-4,-2],[-5,-2],[-10,1],[-1,3],[-2,5],[-4,7],[-8,5],[0,0],[0,11],[2,2],[0,-1],[2,-8],[6,-1],[2,-1],[3,-1],[1,-1],[2,-3],[12,-1],[14,-2],[6,2],[1,0],[6,1],[1,0],[1,2],[0,5],[1,3],[-5,14],[1,4],[1,2],[-1,6],[0,0],[-1,10],[-6,-1],[-3,-1],[-1,0],[0,0],[-4,-1],[0,0],[-2,0],[-5,1],[-6,2],[-1,0],[-3,6],[-1,2],[1,7],[0,2],[1,0],[2,1],[1,2],[2,9],[-1,2],[0,1],[0,5],[-1,2],[-1,2],[-7,5],[0,2],[-2,7],[-2,9],[-5,1],[-2,0],[0,0],[-4,1],[-2,2],[-1,1],[-6,9],[-14,13],[2,10],[-2,3],[-4,4],[1,2],[1,2],[6,10],[1,0],[5,4],[2,1],[3,0],[7,2],[1,3],[1,3],[9,5],[3,2],[1,0],[2,5],[5,2],[4,-1],[5,-2],[6,-3],[4,1],[3,0],[2,4],[6,9],[4,16],[0,2],[0,3],[0,11],[-2,4],[-1,4],[-3,10],[0,5],[0,2],[-4,8],[-2,4],[-2,4],[-2,2],[2,4],[7,17],[2,2],[6,5],[1,1],[0,3],[1,3],[3,0],[3,1],[0,10],[0,5],[6,16],[-2,8],[-2,3],[-1,1],[-11,11],[-2,3],[4,5],[3,5],[1,11],[1,2],[1,2],[2,5],[2,5],[1,2],[1,3],[6,3],[2,1],[3,5],[3,4],[2,9],[-1,3],[-1,3],[1,4],[2,5],[0,1],[-1,3],[-1,6],[6,8],[1,1],[0,1],[-2,8],[2,3],[9,-1],[0,3],[0,2],[2,8],[0,4],[1,2],[0,4],[3,3],[4,4],[0,1],[-2,6],[1,1],[1,4],[1,2],[-1,2],[-2,9],[6,12],[-1,4],[0,1],[4,8],[0,1],[2,14],[-8,4],[0,0],[-1,4],[0,0],[0,3],[-1,1],[4,6],[-2,1],[-3,2],[1,5],[0,2],[0,1],[-4,8],[3,3],[4,4],[7,9],[1,2],[-1,5],[0,1],[2,5],[1,5],[1,5],[2,7],[11,7],[0,0],[1,16],[-3,11],[0,1],[-23,4],[-7,5],[-4,3],[-2,2],[-1,4],[0,4],[-5,6],[2,5],[0,2],[-1,1],[-3,5],[-2,2],[-1,1],[0,1],[0,5],[0,7],[0,2],[-4,6],[-2,3],[2,8],[1,4],[-1,3],[-1,3],[1,2],[2,2],[-5,3],[-5,2],[-1,5],[-1,4],[0,1],[0,2],[2,15],[1,5],[4,5],[1,0],[0,1],[-2,10],[-6,5],[-2,2],[-9,22],[-1,1],[0,1],[0,2],[0,4],[0,3],[-1,5],[0,1],[-7,12],[2,2],[1,3],[0,1],[-1,13],[0,1],[-7,11],[-2,1],[-2,2],[-5,3],[-2,2],[5,15],[1,2],[-2,1],[-8,6],[0,7],[1,2],[2,4],[-3,4],[-2,5],[1,3],[0,1],[4,7],[2,0],[2,0],[9,6],[7,4],[8,6],[0,0],[0,1],[-1,9],[-3,15],[0,1],[0,0],[1,3],[2,13],[1,1],[-1,9],[-7,10],[-5,8],[5,1],[3,0],[2,2],[9,9],[1,1],[1,19],[10,8],[5,9],[-5,6],[-1,1],[0,4],[3,6],[0,1],[2,1],[5,4],[3,3],[1,0],[-3,15],[-2,8],[1,2],[8,17],[0,0],[2,3],[17,10],[2,1],[9,12],[-1,12],[0,7],[14,12],[1,3],[3,15],[5,5],[1,0],[-2,1],[-1,3],[-6,15],[0,10],[-5,-1],[-10,-4],[-2,-4],[-1,-2],[-3,-1],[-5,-3],[-5,-16],[-1,-1],[-4,-13],[-8,-2],[-2,-1],[-15,-4],[-6,-1],[-3,-8],[-1,-3],[-4,0],[-2,1],[-2,-5],[-9,-2],[-4,-1],[-4,2],[-15,11],[-5,8],[-1,2],[-4,6],[-5,5],[-2,3],[0,1],[-1,13],[-11,15],[-3,5],[-5,8],[0,2],[1,3],[2,12],[2,12],[-1,1],[-6,10],[-11,3],[-4,2],[-2,2],[0,4],[2,6],[0,1],[-2,7],[-3,11],[-3,1],[-6,3],[-4,1],[-1,1],[-2,4],[2,2],[2,2],[0,11],[0,5],[-1,3],[-3,4],[-4,1],[0,1],[0,5],[-3,2],[-6,1],[-13,1],[-14,8],[-9,6],[-4,2],[-5,3],[0,1],[-12,7],[-4,2],[-1,6],[-1,6],[0,3],[-2,7],[-1,1],[-12,8],[0,1],[-3,2],[0,1],[0,3],[-2,1],[-2,2],[-1,2],[0,0],[-2,8],[-7,9],[1,5],[0,5],[-6,10],[-3,-1],[-4,-2],[-2,2],[-16,12],[-3,0],[-6,1],[-7,1],[-3,1],[-16,3],[-1,0],[-5,5],[2,8],[7,8],[0,2],[-1,5],[4,2],[2,2],[1,8],[0,2],[3,1],[3,1],[2,4],[-4,8]],[[50541,49216],[-17,0],[-15,-6],[-1,0],[-1,0],[-7,0],[-7,-6],[-8,-25],[2,-10],[1,-3],[-2,-6],[-5,-13],[-1,-7],[0,-6],[-1,-4],[0,-1],[-7,-3],[0,-1],[-8,-4],[-6,-3],[-1,-6],[0,-2],[-6,-4],[-1,0],[-2,-5],[0,-2],[-2,0],[-2,1],[-2,0],[-1,0],[-2,-3],[-1,-10],[0,-1],[-3,-3],[-1,-2],[1,0],[1,-6],[2,-10],[0,-1],[-11,0],[-24,11],[-2,0],[-4,-1],[-18,-2],[-2,3],[1,4],[2,9],[-1,3],[0,1],[-1,7],[-9,8],[-5,5],[-1,1],[0,0],[-16,3],[-3,-2],[-3,-2],[-4,-3],[0,-2],[-1,-4],[-2,-1],[-7,-6],[-1,0],[-4,2],[-2,0],[0,0],[-5,-1],[-1,0],[-18,-5],[0,5],[2,6],[-5,-2],[-2,-2],[-2,4],[-1,1],[-2,1],[-6,1],[-2,0],[-4,1],[1,10],[0,0],[-5,8],[2,8],[1,7],[0,1],[-1,5],[0,7],[-1,0],[1,3],[2,3],[-3,6],[-1,2],[-5,10],[-5,8],[1,1],[4,9],[-5,2],[-5,2],[0,4],[-2,7],[-4,-2],[-2,-1],[-6,4],[-2,4],[-2,3],[-1,1],[1,3],[0,3],[0,1],[-2,2],[-3,-3],[-2,-1],[-1,1],[-2,3],[-3,3],[-1,1],[-2,0],[0,0],[-2,0],[-3,-3],[-4,-3],[-2,-1],[-13,12],[-1,0],[-8,-8],[-3,-3],[-3,-3],[0,0],[-4,1],[-2,1],[0,0],[-8,-1],[-2,15],[-1,5],[-1,2],[-8,11],[-3,4],[-4,-4],[0,-1],[-2,0],[-8,-4],[-4,-8],[-1,-1],[-2,0],[-5,0],[-2,-3],[-5,-8],[-2,-1],[-7,-2],[-1,-3],[0,-4],[-1,-4],[-2,-7],[-3,1],[-1,1],[-2,5],[-1,0],[-6,2],[-1,0],[-1,-1],[-2,-2],[-1,1],[-6,6],[-3,-3],[-3,-2],[-3,-2],[-7,-6],[-2,1],[-5,2],[-1,1],[-5,3],[-8,6],[-1,0],[-4,0],[-1,0],[-2,2],[0,1],[-6,5],[2,5],[0,2],[-1,2],[-2,5],[3,2],[3,3],[14,24],[3,4],[-6,10],[-1,2],[5,7],[2,4],[-11,2],[-8,1],[0,-1],[-2,-3],[-1,-1],[-2,-5],[-2,-1],[0,-2],[-1,0],[-3,-6],[-2,-3],[-6,3],[-2,0],[-3,1],[-1,0],[-5,0],[-1,0],[0,-1],[-2,-3],[-2,-6],[-3,-6],[-3,-5],[0,-2],[0,-3],[0,-6],[0,-1],[-1,-1],[-5,-4],[-1,-3],[-2,-9],[-9,-7],[-2,-2],[0,-1],[-6,-10],[-5,-8],[0,-1],[-5,-2],[-4,-1],[0,-9],[0,-7],[-5,-5],[-1,-1],[-2,-3],[-4,1],[-2,0],[-2,1],[-2,0],[-4,-2],[0,-9],[-1,-16],[-6,-3],[-1,0],[0,-2],[-2,-7],[-2,-6],[-3,-10],[-5,-7],[-1,-16],[-1,-6],[-6,-22],[0,-2],[-3,9],[-1,1],[-11,11],[-4,3],[0,0],[0,1],[-1,0],[-6,-3],[-6,3],[-2,2],[-2,-1],[-11,-8],[-4,4],[-3,4],[-12,-10],[-1,-1],[-26,-9],[-1,-2],[-2,-4],[-3,-5],[-3,-4],[-4,0],[-4,1],[-6,2],[-2,0],[-3,-1],[-2,0],[-5,-2],[-5,-1],[-2,-1],[-16,0],[-8,0],[1,6],[0,5],[-20,3],[-9,1],[-1,2],[-5,3],[-1,1],[-1,1],[-2,5],[-2,0],[-7,1],[-10,2],[-2,1],[-7,4],[-4,0],[-2,1],[-1,-2],[-2,-3],[-1,0],[-3,-1],[-2,0],[-2,2],[-2,4],[-1,0],[-8,-1],[-1,-1],[-3,-4],[-4,-1],[-7,-2],[-3,-1],[-9,6],[-4,6],[0,0],[-8,4],[-4,0],[-4,-3],[-8,1],[-2,2],[4,0],[4,0],[1,12],[-17,2],[-4,0],[-3,0],[-7,8],[0,5],[-1,5],[-4,1],[-3,0],[-5,1],[-5,4],[-1,0],[-6,-10],[-6,-1],[-1,1],[0,1],[-1,5],[-1,5],[-5,3],[-5,2],[-5,3],[-3,-1],[-7,-1],[-6,-2],[-4,1],[-6,1],[-3,-4],[-3,-1],[-2,-1],[-4,-1],[-7,0],[-3,3],[-1,1],[-2,-2],[0,0],[-1,-2],[-7,4],[0,0],[-1,0],[-2,1],[-6,0],[0,0],[2,5],[-2,3],[-7,0],[-5,-3],[-1,1],[-4,2],[-1,0],[-1,-1],[-6,-1],[-4,0],[-11,3],[0,0],[-4,0],[-3,0],[-1,0],[-18,11],[-6,-1],[-1,2],[0,1],[3,7],[0,1],[-1,4],[0,10],[0,2],[3,3],[4,6],[-3,3],[0,0],[-10,8],[-3,3],[-14,12],[-1,0],[-4,7],[-2,2],[2,9],[1,2],[-4,4],[-28,8],[-3,0],[0,1],[-2,4],[-9,3],[1,4],[1,5],[-1,2],[0,3],[0,11],[-8,-1],[-4,-1],[0,5],[0,2],[-5,5],[1,3],[1,4],[0,2],[-1,4],[-1,3],[0,2],[-1,6],[1,5],[0,2],[-3,4],[-5,7],[2,9],[0,1],[1,5],[0,2],[-2,4],[-2,3],[0,13],[0,3],[-2,8],[-2,7]],[[49282,49401],[0,0],[0,0],[1,3],[9,13],[4,6],[4,4],[2,2],[2,1],[6,2],[1,2],[5,7],[0,2],[1,1],[4,2],[7,4],[-3,9],[-2,4],[1,2],[3,8],[6,1],[5,1],[1,5],[1,5],[8,13],[2,10],[1,4],[-2,9],[-7,5],[-5,4],[-1,1],[-1,3],[-2,5],[-4,10],[-3,4],[-4,6],[-2,0],[-2,1],[0,0],[-5,8],[0,1],[0,0],[-6,24],[0,2],[-1,3],[-3,1],[-2,1],[-2,4],[-4,7],[-4,0],[-2,-2],[-1,-1],[-9,4],[-1,1],[-4,0],[-10,1],[0,0],[-3,7],[-1,1],[1,5],[-1,3],[-1,2],[0,0],[-2,2],[-2,3],[-3,4],[-1,2],[-5,1],[0,4],[0,2],[-3,4],[-3,2],[-1,1],[2,3],[0,0],[0,1],[-3,9],[-1,1],[-3,3],[-2,2],[0,2],[0,4],[-12,11],[-5,4],[-1,1],[0,0],[2,3],[1,1],[-2,5],[0,2],[-1,1],[-1,1],[-4,3],[1,2],[0,7],[0,1],[-9,12],[-4,1],[-2,1],[-2,3],[-2,3],[-4,1],[0,0],[-7,2],[-1,0],[-9,-7],[-9,-6],[-9,-3],[-1,2],[0,1],[0,7],[-1,1],[-1,1],[-2,2],[-1,1],[-7,7],[1,4],[2,7],[-7,6],[3,9],[11,9],[2,2],[0,2],[-2,0],[-4,-2],[-2,1],[-4,1],[-1,0],[-1,7],[2,6],[1,5],[-2,3],[0,1],[0,1],[-1,9],[0,3],[0,1],[-9,0],[-1,0],[-7,5],[-3,2],[-4,2],[-4,3],[-1,1],[-3,1],[-2,1],[-2,15],[4,6],[3,5],[-3,6],[-1,4],[-1,3],[0,0],[-9,4],[0,2],[10,29],[-11,8],[-4,9],[-3,8],[-3,9],[-6,-1],[-2,0],[2,5],[3,9],[-4,3],[0,0],[1,3],[1,0],[-4,4],[-4,1],[-1,0],[-2,5],[-6,5],[-2,1],[-4,2],[-8,4],[-2,1],[-1,1],[-1,0],[-7,-1],[-4,-9],[0,3],[1,10],[-5,1],[0,-2],[-1,-4],[-4,0],[-3,3],[-7,7],[-9,3],[-7,9],[-4,5],[-4,1],[-1,0],[-3,1],[-1,0],[-11,-2],[0,0],[-1,12],[0,4],[0,2],[2,5],[0,2],[-2,9],[2,0],[13,1],[1,0],[2,-2],[1,-2],[1,5],[-3,4],[-7,8],[-1,14],[0,1],[-5,6],[0,1],[0,3],[-10,6],[-2,2],[-5,3],[-7,10],[0,3],[-1,2],[-5,0],[-2,0],[-10,7],[-3,-3],[-4,-3],[-2,2],[-5,4],[-2,1],[0,3],[0,3],[-3,3],[-3,2],[-3,0],[-2,0],[-5,1],[-4,0],[-3,-4],[-1,-2],[-14,5],[-3,1],[-2,-3],[-1,-1],[-1,-3],[-2,-1],[-3,-1],[-7,-4],[-1,-1],[-1,0],[0,-1],[-2,-4],[-5,-10],[-3,-3],[-4,-2],[-1,-1],[-11,4],[-2,0],[-2,0],[-13,0],[-1,0],[-16,-5],[-16,5],[7,6],[-1,3],[-1,2],[0,1],[6,12],[3,3],[4,5],[-1,2],[-1,2],[3,0],[3,0],[1,0],[1,-2],[1,-3],[2,0],[1,2],[3,4],[1,2],[-1,2],[-1,3],[1,0],[3,2],[0,1],[2,6],[5,0],[3,0],[1,9],[0,3],[4,-1],[4,-1],[-3,5],[-3,5],[8,8],[2,2],[-3,1],[-3,2],[1,1],[5,7],[0,6],[0,2],[1,1],[2,2],[2,3],[-1,1],[-1,4],[3,1],[2,1],[-1,0],[-3,4],[7,8],[1,1],[-2,7],[0,2],[2,0],[3,-1],[3,4],[-4,13],[-4,4],[-4,5],[-1,13],[0,3],[-5,4],[-1,1],[-2,18],[-3,0],[-4,-1],[-3,0],[-1,-1],[-11,-7],[-1,4],[-1,2],[-2,-1],[-4,-2],[-6,2],[-1,2],[-1,2],[-1,0],[-4,-2],[-4,-2],[-6,-2],[-1,-1],[-7,-3],[-4,0],[-2,-1],[-2,2],[-2,2],[-6,-10],[-1,-2],[-2,-5],[-1,0],[-2,2],[-4,4],[-6,-1],[0,2],[-1,2],[-2,5],[-5,6],[-1,1],[-4,12],[0,2],[-2,4],[-2,8],[-1,0],[-5,2],[-3,1],[-1,-1],[-7,-10],[-9,-2],[-6,-2],[-4,-5],[-2,-3],[-1,0],[-6,-2],[-1,-1],[-5,-4],[1,-1],[1,-1],[-2,0],[-2,-1],[0,-11],[0,0],[1,-4],[0,-13],[9,-13],[5,-1],[13,-1],[1,-2],[0,-3],[2,-5],[0,-2],[-2,-9],[0,-1],[-2,-1],[-2,-1],[0,0],[-10,0],[-1,-2],[-2,-1],[-1,0],[-2,0],[-4,1],[-3,0],[-5,-2],[-2,-1],[-2,1],[-3,1],[-4,-5],[-4,-4],[0,0],[-12,4],[0,-7],[0,-2],[-4,-6],[1,-4],[1,-3],[-1,-1],[-2,-5],[-2,-4],[-1,-2],[2,-6],[2,-5],[1,-2],[-5,-4],[-5,-3],[-1,-3],[-1,-6],[-8,-8],[5,-5],[0,-1],[-3,-7],[-2,-5],[3,-5],[0,-2],[1,-2],[5,4],[-3,4],[-1,2],[3,6],[8,6],[2,2],[2,16],[3,4],[3,0],[3,0],[0,0],[0,-7],[4,-2],[1,-1],[-2,-13],[-2,-2],[-1,-2],[-2,-3],[-4,-5],[-1,-1],[-1,-5],[3,-1],[5,-1],[2,2],[7,8],[1,1],[0,3],[0,3],[3,0],[3,1],[8,7],[2,2],[2,1],[7,0],[1,-1],[7,0],[3,-1],[1,-1],[4,-3],[4,-1],[6,-2],[2,-1],[2,-6],[0,-1],[-1,-10],[-1,-3],[-1,-4],[-1,-4],[0,-2],[1,-4],[1,-5],[2,-5],[0,-1],[-1,-1],[0,-2],[-3,-9],[0,-1],[0,-1],[2,-5],[1,-4],[-8,-5],[-14,-8],[-8,-11],[-2,-2],[-3,-2],[-3,1],[-2,0],[-2,0],[-10,-1],[-3,-1],[0,1],[-6,2],[0,0],[-8,3],[-1,0],[-3,2],[-19,-3],[-4,-2],[-5,-2],[-4,-3],[-3,-1],[-8,10],[-2,3],[-5,1],[-3,-7],[-1,-2],[-1,0],[-2,0],[-6,0],[-1,0],[-2,1],[-3,2],[-1,1],[-4,-7],[-7,-4],[-11,15],[0,2],[-4,1],[-1,0],[-2,2],[-3,5],[2,5],[1,8],[1,2],[3,5],[1,3],[-1,0],[-14,5],[-1,2],[-1,1],[-1,0],[-6,0],[-6,1],[-1,1],[-2,0],[-9,6],[-7,0],[-11,7],[0,2],[-5,13],[-2,0],[-7,1],[-2,-1],[-1,-1],[-4,3],[-8,15],[0,7],[0,6],[-1,5],[0,15],[-2,0],[-6,-1],[-4,0],[-3,-1],[-4,3],[-1,1],[-7,0],[-13,9],[-8,-15],[-1,-1],[-9,-8],[-7,-3],[-3,0],[-9,1],[-1,0],[-4,2],[-3,2],[-5,0],[-3,0],[-2,6],[-4,12],[-1,2],[-5,2],[-11,4],[-4,5],[-3,3],[-7,6],[13,16],[3,5],[2,7],[1,0],[1,1],[5,3],[-6,1],[-2,0],[-2,6],[0,1],[-1,8],[-1,0],[-4,0],[-8,9],[3,13],[2,-1],[5,-1],[5,7],[1,0],[7,2],[-5,-11],[-1,-1],[2,-1],[9,12],[6,2],[0,1],[3,4],[0,0],[-5,-2],[-5,-1],[-2,11],[-2,10],[-1,3],[0,1],[-1,3],[2,6],[1,4],[-2,3],[-4,4],[-2,6],[-3,1],[-1,0],[0,2],[0,9],[-1,1],[-1,1],[-2,3],[7,9],[4,4],[2,3],[15,5],[1,1],[9,5],[1,6],[-7,2],[-6,2],[-4,1],[0,0],[-1,2],[-1,1],[-6,9],[-4,0],[-11,1],[0,1],[-4,10],[-13,-3],[-6,-1],[-2,0],[-12,2],[-3,0],[-5,1],[-2,1],[-1,1],[-9,6],[-5,4],[-8,6],[-1,1],[-17,12],[-1,1],[-5,0],[-4,0],[-9,3],[-2,-1],[-1,-1],[-8,2],[-2,-3],[-3,3],[-4,4],[-7,8],[-4,2],[-2,1],[-10,1],[-5,0],[-10,9],[-11,3],[-1,0],[-3,1],[-4,-1],[-6,-1],[-1,-1],[-20,-13],[-8,-5],[-11,-8],[-2,-1],[-2,0],[-3,0],[-2,0],[-10,4],[-1,2],[-10,16],[-6,8],[-8,5],[-8,9],[-9,-7],[-16,-15],[-5,2],[-2,1],[-3,2],[-6,3],[-1,1],[-6,9],[-3,-2],[-10,-7],[-5,3],[-3,1],[-4,2],[-5,4],[-2,3],[-16,-3],[-12,-3],[-1,3],[-3,13],[-1,6],[-3,3],[-3,3],[-1,1],[-1,3],[0,2],[-1,6],[-1,5],[-1,3],[9,8],[-2,7],[-1,1],[1,2],[2,5],[1,0],[6,4],[1,7],[0,8],[0,5],[0,2],[-1,5],[0,0],[-5,11],[-1,2],[-1,3],[1,3],[1,3],[-2,12],[-4,3],[-3,2],[-3,8],[-4,7],[-1,3],[-19,6]],[[47904,50656],[-2,5],[-3,6],[-1,3],[-1,2],[1,10],[2,8],[-1,1],[-3,6],[-1,3],[0,1],[11,18],[5,5],[0,0],[4,-1],[0,-1],[1,1],[8,5],[4,2],[-4,14],[0,1],[1,5],[0,3],[4,1],[5,7],[3,1],[9,4],[4,7],[1,1],[9,3],[1,2],[1,1],[2,3],[0,1],[3,-1],[2,0],[5,-1],[0,4],[3,0],[3,-1],[3,0],[1,-1],[0,1],[1,0],[5,1],[3,8],[0,1],[1,0],[4,4],[4,0],[4,1],[6,1],[2,0],[0,0],[2,7],[-2,6],[-4,12],[0,1],[1,1],[3,4],[0,3],[1,11],[1,1],[5,8],[1,0],[10,6],[-3,2],[-8,6],[0,2],[0,0],[-3,13],[-5,2],[-6,3],[-1,2],[-1,2],[-13,6],[-3,1],[-1,0],[-4,-1],[-1,5],[-2,0],[-2,2],[0,1],[-5,-1],[-1,-4],[-1,-2],[-3,-1],[0,7],[-1,7],[0,1],[3,13],[0,1],[1,2],[3,3],[1,3],[-4,4],[1,2],[0,3],[0,2],[0,5],[2,1],[1,0],[11,6],[1,1],[1,3],[-3,9],[0,3],[-1,2],[-5,4],[-6,1],[-2,2],[-4,4],[-2,2],[-1,2],[0,3],[-2,3],[-1,6],[-1,3],[0,3],[3,3],[0,0],[10,10],[0,2],[1,4],[0,3],[0,2],[1,1],[5,2],[-5,11],[-2,0],[-3,1],[0,0],[-7,2],[-3,0],[-11,-1],[-1,0],[-2,3],[-12,-2],[-6,-1],[-1,0],[-9,1],[-4,0],[-6,-2],[0,6],[-6,7],[-3,2],[-4,-1],[-1,0],[-3,-4],[-5,0],[-7,1],[-1,1],[-18,2],[-1,1],[-5,4],[-1,2],[-4,9],[-9,6],[-20,-4],[-1,0],[-8,0],[-12,0],[-7,0],[-10,10],[1,14],[-10,14],[0,0],[4,3],[1,0],[2,1],[6,4],[0,1],[1,18],[0,1],[-2,1],[-1,0],[-11,-1],[-7,0],[-14,-1],[-8,-1],[-11,-1],[0,0],[-12,-12],[0,0],[-4,-1],[-8,-1],[-6,3],[-1,-1],[-2,-2],[-1,0],[-7,0],[-3,0],[-1,0],[-10,-5],[-2,-1],[-4,-2],[-7,-1],[-2,0],[-4,2],[-1,0],[-3,-4],[-3,-3],[-1,0],[-7,-2],[-3,0],[-6,-1],[-2,0],[-14,5],[-9,-7],[-4,-3],[-11,2],[-4,1],[-3,1],[-6,1],[0,0],[-5,6],[-2,3],[-1,0],[-4,0],[-6,2],[-3,0],[-10,9],[1,2],[0,3],[-4,6],[-1,1],[-2,7],[2,1],[8,1],[5,-1],[5,-1],[8,8],[1,0],[0,2],[0,5],[2,3],[4,5],[1,4],[1,7],[2,1],[14,10],[-3,18],[-3,2],[-1,1],[0,1],[-3,33],[0,1],[-7,-3],[-9,-3],[-7,1],[-6,5],[-1,2],[-5,9],[-11,0],[-3,-1],[-3,2],[-3,2],[-1,1],[-4,8],[-5,-2],[-4,-1],[-7,-2],[0,0],[-8,-2],[-6,-2],[0,0],[-10,1],[0,0],[-7,4],[-2,-1],[-4,-2],[-4,3],[-6,5],[-2,-1],[-9,-3],[-4,-1],[-1,0],[-13,7],[-1,-1],[-2,-4],[-11,1],[-2,0],[-12,-2],[-8,-1],[-3,0],[-8,-1],[-3,4],[-2,2],[-3,0],[-12,0],[-2,-1],[-1,-4],[-1,-7],[-2,-2],[-3,-5],[-2,-5],[-1,-1],[-1,-14],[-1,-9],[-1,-6],[-6,-5],[-4,-3],[-4,-3],[-3,1],[-1,1],[-1,-1],[-6,-5],[-5,-1],[-5,-1],[-2,0],[-5,-1],[-2,-1],[0,0],[-3,-2],[-2,1],[-5,2],[-3,1],[-2,0],[-8,-5],[-3,-1],[-14,-2],[-2,-1],[-5,5],[0,7],[0,0],[-2,3],[-3,4],[-3,2],[-6,2],[-1,1],[-1,-1],[-2,-1],[-5,7],[-1,1],[0,7],[-9,5],[0,0],[-3,4],[-3,4],[-4,3],[-3,2],[-1,-1],[-7,-2],[-1,0],[-14,1],[1,12],[0,5],[0,1],[0,7],[4,5],[1,1],[-3,4],[1,3],[0,7],[5,6],[2,2],[-4,10],[1,5],[-1,0],[-6,5],[-1,4],[-1,5],[-1,3],[2,6],[7,4],[15,9],[6,1],[3,0],[3,-1],[3,-2],[8,0],[5,9],[-2,4],[-3,5],[-1,2],[-1,4],[0,2],[-3,10],[0,2],[-2,6],[-13,9],[-3,-1],[-4,-2],[-1,2],[0,0],[-2,3],[-2,4],[-1,0],[-6,3],[0,5],[-1,8],[-2,3],[-2,4],[-1,1],[-1,1],[-6,2],[-1,7],[-1,2],[-3,1],[-2,1],[-5,8],[-13,-7],[-4,3],[-2,-1],[-5,-1],[-3,0],[-3,3],[-10,10],[0,1],[-1,0],[-2,12],[-9,2],[-1,0],[-1,0],[-8,-1],[-1,-1],[-3,-3],[-6,2],[-2,1],[-4,3],[-2,1],[1,1],[0,2],[-16,11],[-4,8],[0,2],[-3,1],[-4,1],[7,15],[8,1],[6,1],[7,5],[1,5],[0,5],[1,3],[6,7],[2,2],[1,9],[0,1],[7,9],[1,2],[0,11],[0,1],[-3,12],[-1,3],[-3,10],[-2,3],[-2,2],[-4,3],[0,7],[0,2],[-1,1],[-3,3],[0,1],[1,1],[-4,2],[-2,12],[0,3],[3,3],[2,2],[-3,2],[-12,11],[-3,3],[-15,1],[-7,4],[-4,2],[-4,2],[-6,3],[-10,-1],[-1,-2],[-3,-3],[-5,-1],[-4,0],[-1,0],[-8,3],[-1,2],[-6,8],[-4,0],[-8,-1],[-1,0],[-7,-10],[-6,-6],[-1,-1],[-5,-2],[-3,-1],[-2,1],[-7,6],[-1,1],[-1,0],[-9,-1],[-1,1],[-2,4],[-7,-1],[-6,-2],[-14,4],[-3,1],[-5,1],[-4,1],[-6,4],[-9,6],[-6,-6],[-3,-3],[-7,-3],[-2,-1],[-6,-7],[-7,-6],[-7,-9],[-1,0],[-5,-1],[0,1],[-6,3],[-5,3],[-5,-1],[0,-3],[0,-1],[-7,-3],[-1,-8],[-6,-9],[0,-1],[-14,-5],[-2,-1],[-1,-2],[-1,-5],[-1,-1],[-2,-7],[-1,-5],[-1,-3],[-3,-9],[-6,-6],[-5,-5],[-3,1],[-4,2],[-5,-2],[-1,-1],[-6,-2],[-3,-12],[-1,-1],[0,-1],[-5,-5],[-5,-3],[-9,-5],[-5,-2],[-1,5],[0,2],[-13,16],[1,2],[1,3],[-1,13],[0,1],[-4,6],[-2,1],[-9,4],[3,12],[0,2],[-1,2],[-4,4],[-4,3],[-3,3],[-1,10],[0,3],[-5,6],[-3,4],[2,2],[2,3],[0,15],[0,6],[-6,1],[-3,0],[-1,-1],[-7,-9],[-5,-1],[-5,-2],[-1,-1],[-1,0],[-7,2],[-5,1],[-4,1],[-1,0],[-4,2],[-5,4],[-1,0],[-2,-1],[-1,-2],[-7,-8],[-9,-5],[-1,2],[-5,7],[-10,2],[-1,0],[-9,5],[-7,4],[-1,1],[-3,0],[-4,2],[-1,-1],[-4,0],[-4,0],[-2,-1],[0,1],[-1,5],[-1,0],[-10,4],[0,1],[-6,2],[-2,4],[-2,2],[-1,0],[-12,-2],[-1,0],[-8,2],[-7,2],[-5,6],[1,3],[3,7],[3,8],[2,4],[1,3],[-1,19],[0,4],[0,0],[-3,3],[-8,10],[-5,8],[-9,0],[-4,0],[-5,4],[-3,3],[-8,1],[-1,0],[0,1],[-3,6],[0,1],[1,9],[-4,-1],[-4,-1],[0,0],[-3,-4],[-14,-3],[-1,1],[-19,13],[-5,3],[-13,1],[-1,1],[-1,0],[-7,5],[-2,0],[-14,5],[-22,2],[-11,2],[-2,3],[-4,6],[-22,0],[-2,0],[-13,8],[-3,0],[-3,0],[-5,6],[-9,9],[-1,1],[-6,2],[-10,2],[-1,2],[-3,13],[-3,2],[-8,4],[-1,0],[-7,1],[-2,1],[-7,-3],[-2,-1],[-3,-1],[-7,0],[-6,0],[-9,6],[-10,6],[-2,1],[-13,4],[-14,18],[-2,11],[12,17],[4,2],[4,2],[-1,4],[-1,2],[-3,12],[-1,4],[1,1],[8,7],[3,10],[-1,5],[-8,23],[0,0],[0,1],[-18,6],[-1,0],[-2,2],[-12,10],[1,3],[3,14],[-1,1],[-2,6],[6,3],[0,9],[0,6],[0,3],[9,6],[6,5],[3,7],[-2,6],[-3,8],[-8,24],[-5,13],[5,7],[0,0],[1,2],[0,4],[0,4],[2,4],[5,7],[3,6],[2,2],[2,7],[3,7],[1,1],[6,8],[1,0],[1,10],[0,1],[0,1],[0,7],[-2,4],[-2,3],[2,13],[-4,0],[-7,17],[-1,1],[1,6],[-2,1],[-1,0],[2,15],[4,0],[4,0],[1,2],[4,8],[1,1],[0,1],[1,1],[0,11],[2,1],[14,9],[0,2],[2,13],[1,6],[8,7],[2,0],[2,-1],[1,1],[7,4],[9,10],[4,1],[2,0],[2,3],[4,2],[6,1],[1,6],[7,1],[1,-1],[5,-4],[2,-1],[5,-3],[2,-5],[0,0],[16,-8],[0,-1],[15,3],[1,0],[6,-3],[3,-1],[3,-3],[8,-7],[1,-3],[3,-10],[5,-5],[3,-2],[3,-3],[4,-3],[6,-6],[0,0],[2,-2],[18,-1],[18,-1],[2,0],[1,-1],[9,-4],[4,-4],[5,-5],[7,-5],[3,-3],[1,-3],[-6,-12],[0,-2],[0,-6],[15,-15],[12,3],[12,3],[1,1],[10,-2],[7,1],[10,8],[1,3],[1,2],[1,2],[1,3],[5,2],[2,0],[5,-1],[1,1],[4,3],[7,-1],[2,3],[7,9],[4,-3],[4,-2],[5,2],[6,2],[1,1],[2,2],[6,10],[1,1],[3,7],[5,12],[12,11],[9,9],[2,2],[0,1],[0,2],[-1,10],[0,1],[2,7],[16,-1],[8,-3],[3,-1],[6,3],[8,-4],[4,-1],[7,0],[4,0],[7,-7],[10,2],[4,9],[-2,4],[-2,6],[5,9],[0,1],[-1,11],[-1,11],[2,6],[0,1],[-7,9],[-1,2],[-4,6],[0,2],[2,8],[1,1],[2,2],[-4,4],[-2,1],[2,3],[2,3],[-3,6],[1,2],[2,2],[3,5],[-3,15],[1,2],[2,4],[1,3],[2,3],[0,10],[0,2],[9,11],[0,0],[0,1],[-3,8],[-2,8],[1,9],[0,1],[-1,5],[-1,3],[0,0],[0,0],[-1,4],[0,1],[-1,1],[-7,4],[-2,6],[0,1],[-8,8],[-1,20],[-6,12],[1,1],[4,6],[-1,1],[-2,8],[-1,3],[-5,5],[-3,3],[-1,2],[0,5],[-1,18],[0,1],[-8,7],[-7,2],[-2,1],[-3,-2],[-2,-1],[-1,8],[0,2],[1,6],[0,4],[1,3],[0,2],[11,1],[1,1],[1,0],[4,5],[1,2],[1,6],[4,15],[1,7],[1,2],[0,3],[0,3],[-1,4],[1,2],[2,6],[-2,4],[-3,7],[-22,5],[-1,1],[-5,3],[-1,1],[-1,1],[-5,0],[15,15],[1,1],[5,5],[0,2],[1,3],[1,0],[11,5],[1,1],[7,10],[8,13],[-3,2],[-4,3],[-2,6],[2,7],[1,2],[-2,8],[-1,4],[3,10],[-1,4],[-2,7],[-1,1],[-8,8],[1,10],[-4,3],[-1,1],[1,5],[1,3],[-1,2],[-1,5],[-1,3],[-4,0],[-1,0],[-7,9],[0,13],[0,4],[3,9],[1,2],[0,3],[-2,7],[-4,5],[-2,-1],[-6,-1],[-8,-1],[-4,3],[-2,2],[-3,0],[-8,-1],[0,-1],[-6,-3],[-3,-2],[-2,-2],[-33,-4],[-9,-8],[-2,-1],[-2,0],[-6,-2],[-1,0],[-9,-7],[-7,5],[0,0],[-6,5],[-2,-2],[-3,-1],[-7,-4],[-6,1],[-1,0],[-4,1],[-2,1],[-3,0],[-4,1],[-2,-1],[-3,-3],[-3,0],[-4,0],[-2,-4],[-3,-5],[-7,-3],[-5,-2],[-2,-7],[0,-1],[-5,0],[-1,0],[-6,0],[-1,0],[-12,-6],[-4,-14],[0,-1],[-4,-4],[-1,-1],[-10,2],[-1,0],[-6,2],[-3,1],[-3,-1],[-6,-3],[-1,-1],[-1,-1],[-2,-5],[-13,-7],[-2,-4],[-1,-1],[-5,-2],[-1,0],[-1,-2],[-1,-6],[-3,-8],[-2,-9],[-3,-2],[-7,-5],[-1,0],[-4,0],[-5,-1],[0,0],[-5,9],[0,0],[-5,3],[-6,4],[-5,-3],[-1,-4],[0,-1],[0,0],[-4,0],[-6,0],[-1,-1],[-2,-2],[-2,2],[-4,2],[-2,0],[-9,-2],[0,-1],[-2,-1],[0,0],[-2,-2],[0,0],[-6,3],[-10,-3],[-7,-3],[-2,-1],[-3,-1],[-8,2],[-6,2],[-3,-4],[-1,-1],[-7,-2],[-3,1],[-8,2],[-1,1],[0,3],[-1,1],[-10,11],[-3,2],[0,1],[0,5],[0,6],[0,4],[0,4],[0,6],[-5,6],[-3,1],[-4,0],[-1,1],[-10,11],[0,0],[-8,9],[1,6],[2,0],[4,1],[1,3],[2,4],[1,0],[-1,6],[-1,9],[0,9],[0,0],[7,11],[-5,11],[0,2],[-9,3],[-3,1],[-1,3],[0,8],[-1,6],[-4,-1],[-2,1],[-7,4],[-2,1],[-2,1],[-5,0],[-3,0],[-2,0],[-2,7],[-1,1],[0,0],[-2,1],[-11,4],[-1,0],[0,1],[0,3],[-1,6],[0,1],[-6,11],[2,5],[0,1],[-1,0],[-1,2],[-1,1],[-15,10],[-9,2],[-6,2],[-1,0],[-7,9],[-1,2],[-6,-3],[-6,-3],[-10,10],[-5,0],[0,2],[-1,2],[-2,1],[-8,3],[-1,11],[0,2],[2,3],[-4,9],[-1,1],[-1,2],[-15,19],[-3,2],[0,0],[-4,4],[-7,5],[-1,1],[-4,-4],[-2,-1],[-3,1],[-7,2],[2,3],[3,6],[0,8],[-8,4],[-3,2],[-2,6],[-7,7],[-4,1],[-2,0],[1,3],[0,12],[-7,-1],[-1,-1],[-8,0],[-4,1],[-1,0],[-3,-1],[-1,-1],[-6,9],[-2,2],[-1,1],[10,13],[0,1],[-4,6],[6,0],[4,1],[10,5],[3,7],[1,1],[7,2],[1,1],[5,6],[2,4],[1,4],[4,21],[0,2],[-1,6],[-1,3],[1,1],[4,10],[0,1],[-1,5],[-2,8],[-1,6],[1,1],[6,5],[1,0],[2,0],[2,1],[4,0],[6,12],[0,2],[1,2],[5,11],[1,2],[-4,8],[0,0],[0,2],[0,5],[-4,3],[0,5],[1,2],[-1,1],[-3,13],[-3,10],[0,1],[4,22],[-14,-1],[-1,0],[-7,10],[1,4],[0,4],[1,1],[1,1],[2,5],[-3,15],[-1,4],[2,5],[5,15],[-7,4],[-7,5],[1,1],[6,11],[4,6],[1,3],[1,10]],[[45963,53534],[1,0],[214,-56],[153,74],[90,141],[110,-9],[271,167],[2,66],[568,138],[156,-138],[135,-216],[-132,-125],[-114,-219],[-117,-105],[-26,-166],[312,-219],[256,-65],[-72,166],[207,88],[231,180],[141,-173]],[[49282,49401],[-8,-9],[-11,-4],[-11,-3],[-2,0],[-12,14],[-4,9],[-10,2],[-2,2],[-5,4],[0,0],[-8,-4],[-46,-144],[0,-7],[0,-1],[4,-12],[-5,-5],[-3,-3],[3,-19],[20,-68],[5,-6],[-8,-10],[-14,-4],[-1,-1],[-5,-9],[-26,-22],[-10,-13],[-40,-31],[-15,-13],[0,-7],[3,-12],[15,-85],[3,-8],[-8,-15],[-9,-16],[-16,-40],[4,-7],[0,0],[-6,-20],[-14,-39],[-2,-24],[-2,-1],[-3,-2],[0,-1],[-5,-12],[-1,-1],[1,-20],[-20,-92],[4,-8],[-5,-5],[-22,-32],[98,-82],[3,-6],[8,-2],[0,-1],[2,-10],[5,-2],[-2,-7],[-2,-3],[-21,-15],[-14,2],[6,-38],[-15,-10],[-19,-10],[-24,-21],[-4,-4],[2,-4],[-2,-24],[-11,-11],[0,-30],[-4,-3],[-1,-1],[-10,-12],[10,-12],[2,-1],[1,1],[10,0],[0,0],[6,8],[6,3],[3,-13],[0,0],[0,-1],[-3,-10],[8,-10],[0,-19],[4,-12],[1,-2],[5,2],[9,-2],[3,3],[1,3],[0,0],[10,-1],[9,-6],[18,-20],[-5,-14],[7,-59],[-6,-4],[3,-9],[-2,-2],[-1,-1],[-3,-2],[-8,-15],[20,-15],[16,-130],[2,-8],[-2,-4],[-1,-17],[-1,-3],[0,-18],[-51,-161],[-17,-16],[7,-5],[36,-40],[7,0],[1,-1],[1,-10],[8,-11],[0,-4],[-1,0],[-13,-11],[-1,-2],[1,-8],[1,-8],[-2,-9],[-1,-2],[-3,-2],[-18,-4],[-4,-3],[-10,-2],[-8,-1],[-3,0],[-1,-2],[-1,-1],[-3,-15],[-11,-9],[-7,-18],[-2,-3],[-12,-15],[-7,-2],[-5,-1]],[[48983,47547],[-28,4],[-71,-4],[-22,6],[-8,-5],[-209,-66],[-123,-86],[-8,2],[-1,0],[-1,0],[-12,-5],[-69,-65],[-15,-1],[0,0],[-7,9],[-35,77],[-12,3],[-6,7],[-12,28],[0,1],[-15,-15],[-8,-7],[-8,-13],[1,-10],[-21,-2],[-18,-15],[-7,-11],[-9,4],[-39,8],[-4,-3],[-1,-1],[-17,2],[-4,-4],[-9,-6],[-10,0],[-18,3],[-4,3],[-6,-2],[0,0],[-8,-3],[-6,-3],[-1,-1],[-7,-8],[-1,-4],[-5,-15],[-7,-4],[-6,1],[-43,8],[-12,0],[-1,-1],[-8,-14],[-61,-27],[-11,-4],[-6,-15],[-25,-3],[-19,12],[-15,-4],[-13,4],[-7,-6],[-14,-3],[-13,17],[-4,2],[-4,1],[-6,1],[-37,-14],[-15,22],[-12,-1],[0,0],[-5,0],[0,-1],[7,-13],[-35,-59],[0,-12],[0,0],[-2,2],[-5,4],[-17,4],[-113,-87],[-7,-5],[-6,2],[-20,63],[-11,19],[-3,2],[-1,-1],[-6,-5],[-33,-21],[-5,2],[-9,1],[-17,3],[-24,11],[-10,1],[-8,-2],[-17,-5],[-128,-44],[-21,11],[-9,4],[0,0],[2,-24],[-13,-13],[-95,-96],[-265,-38],[-5,5],[-1,1],[-6,14],[-19,165],[-17,-10],[-6,-4],[-2,-1],[-17,19]],[[46831,47213],[36,37],[351,86],[115,43],[107,139],[112,87],[35,38],[163,137],[109,127],[44,191],[27,35],[163,51],[67,104],[69,116],[-69,200],[42,85],[7,92],[-93,46],[-22,127],[-51,67]],[[48043,49021],[22,23],[46,20],[15,21],[74,52],[-9,34],[0,0],[0,0],[5,16],[4,5],[2,2],[24,2],[21,-6],[0,0],[0,69],[-4,12],[3,3],[-1,2],[-1,3],[-9,-5],[-2,4],[-3,15],[-22,24],[1,16],[0,12],[0,1],[0,1],[-7,7],[-4,2],[-7,0],[-4,1],[6,40],[-13,66],[-6,3],[0,1],[-11,0],[-17,21],[-30,29],[-10,-6],[-4,11],[-14,30],[17,86],[4,42],[-14,44],[12,25],[28,19],[1,6],[1,3],[-6,15],[15,51],[13,23],[-1,3],[26,64],[2,9],[1,7],[1,3],[4,6],[-2,6],[-7,5],[-30,-18],[-11,-15],[-6,1],[-3,2],[0,2],[7,14],[-48,49],[-4,12],[1,3],[1,2],[16,5],[128,32],[27,2],[0,0],[9,12],[8,30],[-4,7],[-24,-12],[-15,14],[-17,3],[-2,7],[-52,26],[-14,6],[-6,0],[-2,-1],[-2,-4],[-15,-3],[-8,2],[0,0],[-12,-11],[-19,-3],[-261,138],[-7,8],[-2,0],[-8,-2],[0,2],[-4,9],[14,24],[13,159],[9,3],[0,1],[-1,21],[-4,3],[2,6],[4,55],[-19,5],[-4,5],[-10,-2],[-8,-6],[-16,3],[-1,0],[27,89],[7,4],[1,1],[5,14],[-1,9],[3,1],[7,0],[18,-5],[1,0],[2,0],[7,0],[9,-12],[22,-16],[13,6],[0,0]],[[48116,48317],[39,-21],[-57,-84],[-63,105],[14,-11],[67,11]],[[47405,47801],[40,-35],[-45,-32],[-38,32],[-6,5],[-42,36],[43,35],[41,-35],[7,-6]],[[48043,49021],[-134,-16],[-185,151],[-81,-32],[-189,-88],[-147,-29],[-128,-112],[-61,-105],[-106,-25],[-179,-36],[-184,-48],[-103,87],[-178,3],[-250,153],[-143,124],[-90,59],[-149,78],[-182,142],[-388,101],[-344,-86],[-169,82],[-204,-122],[-90,-9],[-143,-122],[-289,45],[-67,-78]],[[43860,49138],[36,238],[-6,7],[-5,0],[-31,8],[2,5],[-4,5],[-51,144],[3,11],[-1,2],[-19,15],[-4,-5],[-9,0],[-1,0],[-3,6],[-7,4],[-1,11],[-1,2],[0,0],[-8,0],[-19,46],[-4,2],[-12,2],[-116,131],[32,117],[2,10],[7,5],[20,-7],[-2,11],[-2,6],[1,5],[4,6],[1,1],[7,0],[0,0],[5,13],[60,24],[-2,10],[0,2],[7,1],[18,17],[0,16],[0,0],[-161,172],[4,6],[0,1],[1,3],[11,6],[2,3],[8,19],[43,137],[-1,10],[6,4],[-27,135],[11,-3],[0,0],[-11,7],[12,19],[-4,16],[1,1],[17,9],[2,0],[11,-1],[160,112],[7,169],[105,33],[4,3],[4,-1],[5,-2],[1,1],[2,5],[1,6],[-2,6],[62,235],[5,13],[14,3],[79,24],[8,-1],[15,-1],[43,-20],[0,0],[3,11],[10,11],[4,28],[-8,12],[6,77],[-2,35],[-2,5],[-2,4],[-108,35],[-1,25],[-9,41],[-2,8],[0,1],[6,5],[2,36],[2,11],[0,1],[9,4],[69,87]],[[44172,51575],[116,-52],[9,-3],[20,11],[211,165],[25,8],[11,15],[30,23],[12,5],[0,7],[-42,260],[0,12],[9,7],[23,59],[4,11],[0,1],[-20,10],[-22,47],[-1,1],[-10,4],[-2,1],[-8,-1],[-9,0],[-13,7],[-65,29],[-13,25],[7,27],[22,72],[5,9],[-2,16],[3,2],[3,17],[-2,7],[-4,62],[1,9],[-5,5],[-5,5],[-11,2],[-10,3],[-8,16],[-91,39],[-13,2],[-10,-1],[-2,24],[0,3],[-1,1],[-8,42],[3,20],[-11,9],[-3,3],[-4,12],[6,1],[-3,22],[13,13],[-29,86],[-11,19],[3,17],[-60,70],[48,173],[-69,119],[-6,35],[3,7],[7,6],[0,8],[-11,3],[-71,66],[-19,-2],[-8,4],[-19,19],[-13,2],[-1,2],[-2,21],[-3,5]],[[44046,53329],[316,69],[252,171],[177,-49],[144,13],[111,-75],[103,109],[297,-32],[239,52],[175,-127],[103,74]],[[46068,47621],[-4,-219],[99,-182],[91,-72],[33,-149],[-312,-124],[-273,-188],[-270,-51],[-71,236],[-199,166],[55,198],[173,40],[84,127],[183,351],[118,198],[109,36],[157,250],[182,90],[189,254],[161,-129],[-122,-158],[-6,-93],[-352,-488],[-25,-93]],[[50341,45795],[-4,-14],[-34,-9],[-11,-7],[-5,-6],[-192,-116],[3,12],[-2,1],[-4,2],[-2,1],[-16,-4],[-21,1],[-9,4],[-6,-8],[-36,-33],[2,-23],[-12,-14],[-2,-2],[-10,1],[-58,-72],[-9,-16],[3,-6],[5,-29],[3,-10],[7,-7],[3,-4],[1,-2],[1,-31],[24,-5],[19,-16],[-2,-18]],[[49868,45323],[2,8],[-5,8],[7,11],[-3,6],[-3,6],[-1,0],[-11,-3],[-2,5],[-9,0],[-21,9],[-10,7],[-2,1],[-1,-8],[-11,-71],[-9,-7],[-5,-8],[-1,-2],[1,-2],[4,-9],[0,0],[-6,-10],[5,-36],[6,-9],[12,8],[27,-2],[3,-9],[10,-117]],[[49780,45153],[-18,18],[-5,23],[0,39],[-2,16],[0,2],[-7,2],[-12,10],[-7,1],[-13,1],[-3,-1],[-12,-6],[-72,36],[-9,10],[-4,2],[-3,1],[-1,0],[-9,-1],[-13,3],[-17,-14],[-3,-2],[-6,-32],[0,-2],[-1,0],[-35,-6],[-141,-44],[-123,85],[-147,3],[-176,-124],[-9,1],[-9,-4],[-25,-18],[-26,1],[-1,0],[-6,-7],[-9,13],[18,21],[2,3],[0,11],[3,4],[9,2],[0,1],[-1,18],[-11,22],[-2,6],[0,22],[-81,35],[-7,14],[22,11],[131,295],[-68,170],[-102,66],[-1,13],[-1,8],[3,4],[4,5],[4,4],[6,4],[-8,19],[-6,4],[-4,12],[-2,23],[-10,11],[-104,63],[-5,15],[-3,1],[-38,9],[-1,1],[-5,13],[-12,-1],[-2,2],[-2,0],[-10,15],[7,123],[4,11],[10,2],[105,67],[4,4],[15,50],[14,59],[-2,9],[9,9],[2,18],[9,9],[12,0],[40,23],[3,4],[0,0],[11,4],[116,113],[-9,109],[-3,9],[25,22],[-2,10],[5,13],[7,8],[93,40],[14,0],[13,-5],[12,1],[15,-9],[18,-16],[5,-3],[24,-2],[29,-22],[25,-19],[2,1],[5,2],[7,9],[67,78],[4,4],[0,2],[-2,18],[-4,13],[-35,91],[0,24],[-4,16],[-38,40],[-17,-1],[-13,18],[-32,14],[-6,-8],[-31,-30],[-8,2],[2,5],[-7,3],[1,2],[2,4],[-12,5],[-32,226],[-4,14],[-23,7],[-7,-2],[1,12],[0,1],[-5,20],[-30,231]],[[50373,44449],[-158,-250],[-123,-116],[-13,-134],[0,-8],[-12,-13],[-18,-14],[4,10],[-4,-10],[-11,-4],[10,-11],[6,-36],[73,27],[-32,-122],[-157,-150],[-236,-163],[-51,13],[-192,-169],[-429,57],[-107,76],[-219,10],[-232,60],[-98,120],[-111,11],[-21,-16],[-265,221],[26,172],[-62,102],[-188,105],[196,79],[42,115],[-223,146],[-98,109],[-171,63],[-257,142],[-51,30],[-130,263],[-149,84],[-120,-30],[0,0],[-96,-34],[0,0],[2,2],[69,107],[-30,131],[133,110],[-38,182],[160,32],[140,149],[-123,119],[-133,67],[29,195],[55,112],[199,19],[54,84],[-55,98],[-141,59],[-6,156],[-125,15],[-130,236],[75,156]],[[44172,51575],[-18,43],[-10,2],[-7,5],[-1,4],[-12,-1],[-12,-10],[-22,-6],[-7,-7],[-4,-5],[-22,-3],[-1,-5],[-162,-162],[-21,-21],[-9,-11],[-4,-5],[-6,-4],[0,0],[-6,4],[-19,-8],[-14,2],[-11,2],[-20,3],[-3,0],[-11,-3],[-9,-2],[-8,-8],[-9,4],[-35,-10],[-2,-3],[-3,-3],[-11,1],[-15,17],[-13,1],[-1,1],[-9,14],[-2,21],[-14,1],[-15,11],[-134,-73],[2,-7],[-1,-2],[-1,-2],[-10,-2],[-26,-15],[-34,-1],[-16,-2],[-1,0],[-7,3],[-1,5],[-10,0],[-9,-5],[-9,-2],[-4,-2],[-53,-88],[-6,-3],[-19,2],[-19,10],[0,3],[3,12],[-3,14],[-2,20],[-8,26],[-10,10],[-16,210],[-76,9],[-5,10],[11,12],[5,157],[-5,15],[-3,6],[0,-1],[-7,6],[-4,3],[-3,7],[-170,107],[-20,10],[-4,-6],[-1,-11],[-197,1],[-14,7],[-1,0],[-2,9],[-67,-2],[-16,6],[-2,5],[-23,19],[-8,7],[7,15],[-1,9],[13,17],[0,0],[-1,9],[26,70],[19,28],[0,2],[-4,17],[-6,-3],[-2,-1],[-13,1],[-5,8],[-20,0],[-11,6],[-19,-5],[-86,-26],[-7,8],[-3,0],[-2,0],[-13,-7],[-33,-17],[-8,-3],[-7,-7],[0,-11],[-33,-26],[-16,9],[-15,5],[-11,-2],[-4,-3],[-3,-2],[-8,-14],[-6,-24],[-4,-18],[0,-1],[15,-15],[1,-11],[-9,-21],[-247,-87],[-13,-4],[-4,-13],[18,-82],[-152,-107],[-31,14],[-1,0],[0,0],[-2,14],[3,11],[0,2],[0,2],[-6,8],[-2,15],[-2,3],[-2,2],[-13,10],[-6,10],[-167,186],[-14,4],[-2,3],[-2,5],[-31,-2],[-14,4],[-3,11],[-158,53],[-20,-3],[-1,0],[-17,6],[-2,1],[-3,3],[-2,2],[-21,-14],[-31,-25],[-21,1],[-12,10],[-249,92],[-4,5],[-1,0],[-12,-3],[-2,0],[-7,9],[-30,11],[-5,-22],[-69,-124],[-33,-270],[-6,-6],[0,0],[-16,-5],[-92,-73],[-14,-10],[-25,-1],[-20,12],[-25,7],[-6,-9],[-3,-15],[-18,-9],[-6,-3],[-1,0],[-5,-15],[-3,-10],[3,-3],[45,-60],[12,-17],[2,-4],[1,-7],[-6,-10],[25,-95],[-3,-12],[-12,0],[-23,19],[-5,16],[-5,1],[-45,3],[-8,5],[-1,-3],[-9,-18],[-196,-79],[-143,60],[-12,8],[-12,-8],[-23,-17],[-8,0],[-6,-15],[1,-15],[8,-8],[-9,-10],[-4,-9],[-1,-2],[6,-9],[66,-211],[-93,-39],[-10,9],[-13,1],[-33,-9],[-1,0],[-11,-11],[-102,-25],[-21,5],[-11,-15],[-141,3],[-14,-10],[-8,-1],[-8,-6],[-5,-19],[-5,-1],[-1,-2],[-1,-9],[0,-3],[9,-12],[0,-78],[2,-13],[-8,-12],[-15,-9],[-2,-5],[-3,2],[-42,-30],[-13,-9]],[[39804,50714],[-37,44],[-16,16],[-7,22],[-7,3],[-1,8],[0,1],[-7,6],[-1,0],[-22,-4],[-379,-57],[-13,-6],[-2,4],[-12,16],[-8,3],[0,1],[0,21]],[[39292,50792],[1,0],[9,4],[4,3],[4,1],[0,3],[-6,12],[10,9],[0,1],[-2,7],[-5,166],[59,130],[-2,7],[1,1],[5,4],[10,3],[2,1],[9,-4],[15,3],[9,14],[8,6],[20,5],[9,7],[17,2],[5,2],[5,8],[14,16],[6,-1],[2,1],[4,3],[1,2],[7,12],[-2,7],[6,12],[-5,15],[-11,42],[-5,14],[-3,3],[-12,0],[-13,13],[3,23],[7,11],[-1,5],[-9,23],[-5,7],[-44,28],[-2,3],[-1,0],[-2,-1],[-4,-6],[-28,-6],[-6,-12],[-8,1],[-9,0],[-4,-2],[-6,14],[1,1],[8,13],[-8,14],[0,1],[1,14],[0,1],[0,1],[3,6],[11,7],[2,10],[1,1],[8,4],[13,3],[2,3],[5,-4],[19,12],[3,5],[12,4],[-2,8],[22,7],[169,80],[6,8],[11,2],[4,-5],[5,-7],[15,-1],[4,0],[2,0],[9,11],[130,46],[23,-5],[12,6],[5,10],[8,5],[1,0],[12,-6],[89,24],[8,9],[-1,2],[-4,11],[-4,19],[1,9],[0,4],[-6,15],[-31,150],[-14,20],[-10,8],[0,8],[0,1],[13,6],[1,129],[96,108],[13,7],[0,1],[0,0],[-4,8],[-29,52],[-8,0],[0,1],[2,4],[-2,4],[5,8],[-25,189],[-189,108],[-126,110],[-16,13],[-3,6],[0,0],[-24,69],[-66,141],[154,107],[23,1]],[[39709,53021],[70,-226],[121,-110],[308,-99],[68,-12],[145,75],[69,118],[193,97],[359,77],[68,-46],[234,-73],[187,-12],[533,-4],[299,41],[123,51],[354,-18],[394,61],[276,68],[182,121],[55,70],[299,129]],[[39292,50792],[0,0],[-1,0],[-8,9],[-29,3],[-3,21],[-1,0],[-6,2],[-7,11],[-10,4],[-18,0],[-3,-5],[-2,8],[-3,0],[-3,0],[-20,-15],[-7,3],[-11,-3],[-8,3],[-218,-72],[-40,3],[-7,21],[-120,115],[-203,-101],[-193,133],[-18,5],[0,0],[-17,2],[-104,-46],[-6,-15],[2,-8],[-7,-9],[-16,-9],[-4,-8],[-252,-378],[-79,-40],[-6,2],[-2,-12],[-7,-6],[5,-3],[8,-5],[-6,-9],[-60,-136],[-233,-38],[-16,-8],[0,-1],[-4,-15],[-159,-179],[-3,-20],[-3,-5],[-9,0],[-8,5],[-11,0],[-2,-12],[2,-7],[2,-5],[8,-5],[89,-33],[14,-8],[13,2],[33,19],[8,-5],[57,-48],[24,-3],[7,-2],[4,-2],[2,-5],[5,-19],[11,-61],[18,-64],[-31,-12],[-17,-21],[-2,1],[-18,6],[-1,8],[-5,5],[-29,20],[-9,-2],[-5,4],[-5,-5],[-259,-49],[-284,-212],[-41,18],[-17,14],[-8,7],[-3,2],[-4,0],[-7,-3],[-14,-11],[-114,-17],[-170,99],[-12,12],[-11,-4],[-125,-159],[-9,-10],[-2,-6],[0,-5],[-1,-8],[-64,58],[6,13],[-19,18],[-15,9],[-2,1],[-23,0],[-28,-5],[-7,-6],[-9,-8],[-18,5],[-56,-37],[-12,0],[-23,9],[-36,43],[-12,1],[0,0],[-11,-21],[-28,-18],[0,-10],[-238,74],[-6,-2],[-8,-7],[-69,-260],[-311,-171],[5,-8],[-5,-5],[-1,-1],[-10,-4],[-12,-10],[-17,3],[-2,1],[-1,-43],[7,1],[6,-7],[7,-1],[5,-13],[11,-6],[33,-1],[8,3],[5,-4],[14,1],[1,0],[12,-5],[0,-7],[3,-4],[6,-7],[-5,-16],[8,-7],[0,-1],[-5,-6],[-1,-1],[-12,-1],[-9,-11],[-2,-5],[-35,-78],[-5,-7],[-3,-5],[-9,-14],[-2,-2],[0,-3],[0,-2],[-12,-11],[-4,-8],[4,-9],[-14,-1],[3,-14],[-67,-158],[33,-133],[0,0],[-22,-15],[-8,-8],[5,-27],[-131,-156],[-5,-8],[-15,-5],[-106,-29],[14,-163],[14,-16],[0,-14],[-9,-12],[0,-22],[1,-3],[2,-5],[13,-4],[1,-6],[5,-8],[7,-3],[9,-15],[0,-1],[-3,-10],[7,-4],[1,-8]],[[35177,47944],[0,0],[-32,1],[-19,-1],[-1,0],[-9,-6],[-10,0],[-1,0],[-4,12],[-6,2],[-15,-2],[-70,-31],[-7,-6],[0,-4],[-4,-1],[3,-4],[-16,-12],[-14,-21],[6,-34],[-42,-59],[-8,-8],[-20,-8],[-3,-3],[-5,-20],[-7,-15],[-15,-27],[-4,-7],[0,-1],[16,-13],[1,-11],[74,-123],[-202,-347],[-7,-8],[-14,7],[-132,129],[-8,12],[-16,-12],[-95,-52],[-7,10],[-1,1],[-3,3],[-7,-77],[-12,-6],[-4,-4],[-8,4],[-23,-4],[-16,-18],[-277,60],[-37,52],[-8,4],[-5,8],[-1,2],[-2,1],[-15,8],[-9,-4],[-1,1],[-3,6],[-8,14],[3,13],[6,3],[9,16],[0,4],[-3,4],[-1,26],[-2,11],[0,1],[-8,0],[-17,10],[-1,0],[-9,27],[-20,90],[91,151],[17,26],[5,13],[2,4],[0,12],[4,2],[-2,51],[-140,15],[-8,5],[-6,-7],[-33,-17],[-14,-29],[-14,-3],[-79,7],[-17,-7],[-12,16],[-29,19],[-13,-4],[-4,1],[-2,0],[-8,16],[18,168],[-68,64],[-1,23],[-9,1],[-17,37],[-10,5],[-11,1],[-2,1],[-5,6],[-1,1],[0,0],[0,12],[23,28],[6,3],[2,6],[16,14],[9,6],[2,0],[11,-8],[67,186],[8,13],[-8,11],[-1,15],[6,1],[61,34],[10,-1],[6,-1],[3,13],[9,8],[0,1],[-6,14],[-1,2],[-19,9],[-9,147],[-91,34],[-40,219],[-2,8],[4,3],[12,24]],[[33711,48916],[197,-1],[276,83],[161,104],[163,210],[200,159],[43,115],[143,115],[426,489],[149,84],[359,332],[124,23],[172,115],[86,175],[201,140],[113,268],[123,49],[342,276],[144,65],[147,44],[190,248],[35,309],[-143,93],[25,75],[165,78],[80,-45],[117,139],[249,55],[209,121],[186,13],[263,19],[-1,134],[216,-24],[161,210],[192,-19],[127,-97],[254,97],[193,-7],[-89,-139]],[[39202,55702],[94,-168],[-236,-81],[-46,159],[188,90]],[[39037,55808],[57,-84],[-175,-87],[68,-109],[-136,-83],[-64,118],[-191,0],[218,212],[171,-27],[52,60]],[[39849,56772],[108,-135],[156,-102],[124,-147],[-44,-284],[-136,-14],[17,-141],[-147,18],[-174,-53],[-272,218],[28,157],[-27,209],[172,180],[128,0],[67,94]],[[43860,49138],[-91,68],[-264,-105],[59,-53],[-72,-52],[-32,-75],[-176,-129],[-232,-281],[-200,-18],[-69,111],[-179,28],[-96,-58],[238,-19],[6,-113],[-20,-98],[-255,-126],[-110,-248],[-94,-105],[-108,38],[-211,54],[-184,-110],[-86,135],[-204,10],[5,212],[-176,-16],[-49,-75],[-167,-40],[-117,-137],[-324,-118],[-127,64],[-37,121]],[[40488,48003],[-2,15],[1,3],[10,8],[1,258],[0,9],[0,11],[-6,9],[-1,10],[-98,160],[4,10],[-1,3],[-1,2],[-7,4],[-125,129],[-14,10],[0,2],[-3,14],[-2,8],[5,8],[16,27],[12,9],[-1,5],[45,186],[-6,8],[-7,4],[-12,4],[-27,4],[-16,6],[-4,11],[-6,1],[-1,4],[6,6],[9,9],[-1,5],[-12,14],[-39,92],[-13,9],[0,1],[3,9],[3,4],[0,2],[-6,21],[0,12],[-1,11],[0,2],[-1,2],[-19,6],[12,87],[8,7],[0,0],[0,1],[2,14],[0,1],[-11,7],[3,12],[-1,3],[-3,4],[-1,2],[-6,2],[-13,6],[62,247],[-138,103],[-11,17],[-13,5],[-1,7],[-8,6],[-4,14],[11,20],[-4,13],[-14,9],[1,8],[0,1],[-8,7],[8,5],[1,7],[-1,1],[-1,1],[-6,2],[-3,1],[-21,14],[-111,204],[59,160],[-47,89],[88,129],[-2,118],[-200,211],[5,18],[1,1]],[[40488,48003],[-24,-207],[-212,-74],[-71,-243],[-315,91],[-48,120],[-109,46],[-349,-133],[-98,-57],[-137,28],[-59,-208],[-259,-72],[-264,30],[-186,-43],[-151,-141],[-100,92],[-125,-46],[-44,-137],[-113,-20],[11,-133],[-233,-50],[-44,-92],[-186,-52],[-164,131],[-106,-156],[-141,114],[16,102],[-107,248],[-42,244],[86,37],[-1,6],[-3,21],[-1,-1],[0,8],[-1,6],[-45,-44],[-267,-12],[-63,29],[-163,8],[-126,-14],[18,-21],[19,-22],[-261,-241],[-203,-145],[-28,-147],[70,-116]],[[35859,46737],[-149,-34],[-17,20],[-6,-1],[-6,-2],[-7,-11],[-2,-1],[-4,0],[-3,1],[-7,11],[7,10],[14,31],[4,17],[6,11],[3,6],[12,12],[0,12],[-1,1],[-6,2],[-2,0],[-7,-14],[-216,50],[-66,259],[-9,-3],[-1,11],[10,15],[-12,-1],[-2,1],[-1,1],[12,14],[8,24],[-15,6],[-1,0],[-4,7],[-3,6],[-2,10],[1,4],[7,13],[-3,25],[17,10],[3,2],[-3,14],[-6,25],[1,10],[-8,4],[-212,168],[-5,219],[47,128],[-51,101],[4,10],[-1,2],[0,1]],[[36978,46685],[48,-281],[84,-114],[-52,-151],[-192,97],[-179,-101],[-50,102],[187,135],[38,258],[116,55]],[[37650,46708],[191,-65],[-43,-133],[-243,95],[95,103]],[[38187,46670],[68,-105],[-182,-108],[-63,103],[177,110]],[[39284,47229],[49,-131],[-211,-144],[-96,46],[84,217],[174,12]],[[39367,47423],[163,-125],[-7,-207],[-155,59],[-83,174],[82,99]],[[39595,47670],[84,-84],[-111,-140],[-146,119],[173,105]],[[36199,47209],[55,-135],[-174,-181],[-118,64],[69,140],[168,112]],[[36762,47138],[74,-136],[-40,-309],[-64,-102],[70,-117],[-108,-92],[-52,154],[-244,269],[17,168],[116,-14],[71,-151],[160,28],[-137,146],[-33,107],[170,49]],[[38498,47084],[39,-48],[-86,-269],[-240,-42],[-58,91],[345,268]],[[35859,46737],[-30,-68],[57,-179],[-19,-115],[-176,-42],[67,-379],[-78,-296],[-55,-91],[-212,-21],[1,-343],[87,-191],[-142,75],[16,77],[-165,86],[-81,126],[-119,-89],[-261,224],[-81,-11],[-173,147],[-207,145],[-119,-189],[-93,123],[149,152],[-109,125],[-166,-34],[-34,88],[-261,-100],[-150,11],[-90,-109],[-112,-8],[-144,-109],[-267,185],[16,-121],[-184,-28],[-145,90],[-120,-134],[-53,-143],[-320,-205],[-211,148],[-48,-54],[-160,58],[11,147],[-151,77],[-68,127],[-138,42],[-144,2],[-130,-233],[-241,-197],[-101,48],[31,294],[-20,193],[-92,30],[-97,171],[248,309],[-18,326],[-211,226],[74,68],[14,197],[350,90],[216,72],[-77,105],[-222,28],[54,144],[123,-107],[225,30],[251,-44],[106,-186],[308,87],[223,-54],[242,145],[154,44],[64,138],[188,172],[-39,142],[202,84],[195,216],[12,109],[38,87],[106,4],[26,177],[180,-32],[152,100]],[[35814,45596],[209,-128],[-7,-180],[-100,-120],[-223,-37],[-106,161],[4,129],[223,175]],[[44961,46222],[-84,-228],[57,-158],[83,-139],[103,-23],[186,-168],[-4,-211],[-153,-146],[-39,-106],[237,3],[74,-73],[-185,-143],[-321,-186],[-114,-147],[-348,-225],[-121,-90],[-210,-74],[-8,-122],[-183,-219],[-112,-9],[-20,-130]],[[43799,43628],[-4,19],[6,4],[0,1],[-11,2],[-275,8],[-44,51],[-10,5],[-25,-3],[-18,-7],[-18,-14],[-24,-7],[-1,-1],[-1,0],[-10,4],[9,22],[0,11],[-11,25],[-63,94],[-21,14],[4,13],[-28,50],[-16,11],[-2,-2],[-3,-2],[-6,-1],[-5,0],[0,0],[-16,26],[-7,63],[23,13],[72,217],[-1,21],[-11,7],[-2,1],[-13,2],[-16,9],[-144,36],[-15,1],[-10,-5],[-11,5],[-14,-1],[-10,-4],[-18,-7],[-151,-23],[-34,11],[0,1],[-6,14],[6,6],[13,3],[6,5],[7,6],[-5,8],[25,52],[-3,13],[-10,9],[-6,17],[4,20],[5,6],[3,19],[-5,16],[-3,7],[-17,6],[-15,72],[-7,5],[4,8],[-1,21],[8,16],[1,3],[0,4],[-5,9],[-72,188],[-21,20],[-2,5],[-1,1],[5,10],[11,12],[-1,28],[-14,33],[-6,2],[-19,-4],[-45,-20],[-10,-6],[-26,-2],[-31,-2],[-7,5],[-21,27],[0,13],[-20,48],[-9,-1],[-14,-15],[-17,-5],[-20,0],[-23,-6],[-19,-5],[-4,-3],[-1,-2],[0,-7],[-62,-152],[-108,-37],[-139,68],[-11,1],[-5,1],[-3,2],[-1,7],[-1,3],[3,7],[-120,152],[-11,12],[-7,1],[-5,-4],[-9,-2],[-18,3],[-41,-35],[-448,59],[-144,90],[-5,7],[-6,29],[-2,24]],[[41313,45193],[1,7],[5,13],[2,1],[10,6],[4,2],[9,-2],[7,9],[27,17],[0,25],[-4,140],[-3,15],[1,4],[2,4],[14,7],[24,21],[20,18],[2,3],[2,16],[-62,175],[-6,-2],[5,22],[0,19],[4,9],[7,4],[4,3],[3,4],[2,3],[2,11],[1,6],[13,12],[-2,15],[-8,3],[-8,14],[-7,7],[1,3]],[[41385,45807],[21,3],[10,-4],[2,0],[7,6],[53,13],[20,-4],[6,6],[1,1],[13,2],[3,7],[2,2],[6,5],[14,8],[4,2],[1,2],[5,12],[-5,22],[5,30],[13,12],[54,52],[15,10],[16,5],[10,15],[12,10],[10,4],[8,8],[70,68],[5,17],[6,-1],[21,3],[7,-9],[118,-27],[8,8],[1,1],[-3,3],[-1,1],[-2,22],[6,5],[13,25],[-6,25],[0,3],[1,1],[15,10],[296,27],[14,10],[19,10],[318,-149],[22,10],[7,2],[4,6],[0,23],[12,14],[17,11],[23,-1],[122,134],[8,11],[0,0],[1,1],[12,3],[26,-29],[6,-5],[22,9],[212,28],[66,72],[-6,19],[1,8],[2,7],[-3,6],[-1,24],[-9,18],[0,0],[0,0],[7,14],[14,3],[12,16],[10,31],[24,2],[11,5],[10,4],[5,10],[53,28],[3,6],[0,-8],[21,2],[1,-5],[1,0],[9,-1],[8,-1],[3,0],[5,-8],[28,0],[5,-3],[7,4],[46,9],[199,42],[145,-70],[193,71],[7,7],[22,0],[12,-4],[1,-2],[5,-9],[1,0],[5,-1],[6,0],[1,-1],[16,-13],[5,-5],[5,-9],[6,-1],[12,-11],[3,-7],[28,2],[5,-11],[5,-23],[100,-28],[5,-10],[0,0],[70,52],[9,2],[0,1],[2,5],[-4,15],[5,8],[-1,17],[-1,3],[-12,1],[-5,18],[10,16],[24,15],[3,6],[0,0],[-3,15],[8,65]],[[44316,46724],[214,77],[293,63],[53,-169],[218,-101],[-89,-183],[-44,-189]],[[41385,45807],[-192,110],[-11,8],[-22,-14],[-18,-9],[-11,-2],[-5,5],[-31,12],[-22,36]],[[41073,45953],[113,44],[70,523],[13,102],[-104,232],[333,25],[214,204],[162,124],[86,57],[-2,17],[-28,54],[285,78],[-26,97],[152,68],[139,-116],[373,-67],[202,64],[91,168],[105,-83],[-35,-204],[43,-61],[184,116],[195,-141],[-69,-71],[161,-142],[175,-78],[219,-18],[192,-221]],[[42947,48095],[73,-86],[-87,-105],[-109,60],[123,131]],[[43390,48015],[-50,155],[201,65],[76,95],[141,-15],[143,77],[83,-27],[-1,-381],[-70,-132],[-97,138],[-263,-89],[-163,114]],[[37400,45835],[-14,-290],[-207,62],[221,228]],[[41313,45193],[-2,0],[-3,-1],[-9,0],[-12,0],[-143,-22],[-22,18],[-1,0],[-16,4],[-92,-65],[-19,2],[-25,7],[-1,4],[0,7],[-1,1],[-13,10],[-3,1],[-17,3],[-14,16],[-1,7],[-2,4],[-4,6],[-27,-1],[-23,-15],[-14,0],[-1,-1],[-2,-19],[-128,-163],[6,-18],[-1,-2],[-6,-5],[-10,-9],[-13,-12],[-5,-4],[-6,1],[-6,9],[-6,2],[-10,3],[-3,-1],[-9,-4],[-7,-7],[0,0],[-1,4],[-9,8],[-2,2],[-23,5],[-40,8],[-14,-4],[-6,1],[-21,4],[-6,5],[-53,-14],[-16,1],[-10,3],[-24,8],[-13,13],[-20,3],[-16,0],[-2,0],[-6,-2],[-6,-1],[-14,-8],[-8,-5],[-7,2],[-178,-12],[-10,0],[-12,-8],[-91,-76],[-10,-8],[-1,1],[-27,6],[-69,37],[-29,22],[-20,4],[-20,11],[-10,-1],[-11,-7],[-2,3],[0,0],[-11,-13],[-20,-12],[-1,-1],[-5,-7],[0,-13],[-25,-66],[5,-11],[-6,-18],[-9,-13],[-5,-20],[-101,-46],[-21,-7],[-10,-8],[-3,-1],[-8,-1],[-10,9],[-1,1],[-11,20],[-1,1],[-12,11],[-18,17],[-3,7],[-49,-3],[-10,-31],[-103,-155],[-22,-18],[0,0],[2,-16],[3,-20],[1,-41],[7,-11],[-2,-2],[-35,-30],[-125,-170],[-10,-133],[-151,-31],[-8,-13],[-5,-15],[0,-16],[-3,-18],[-3,-9],[-9,-11],[1,-14],[35,-115],[-122,-122],[57,-175],[-63,-71],[-32,-19],[-3,-9],[-75,-141],[-17,-18],[1,-21],[9,-23],[-2,-1],[-8,-5],[-55,-19],[-8,1],[-7,-5],[-10,4],[-13,-9],[-9,-4],[-2,-1],[-18,-2],[-11,2],[-25,-15],[-10,-3],[-41,-13],[-29,2],[-107,10],[-32,-5],[-22,5],[-8,-1],[-27,9],[-6,0],[-5,0],[-10,3],[-83,-1],[-35,6],[-21,17],[-46,16],[-90,-33],[-6,3],[-2,0],[-3,-1],[-2,0],[2,-12],[-37,-18],[-8,-7],[-9,-19],[6,-25],[0,-9],[6,-4],[45,-19],[18,-14],[5,-34],[-13,-17],[-4,-23],[0,-1],[2,-6],[5,-15],[-1,-7],[0,-3],[16,-4],[25,-95],[0,-6],[5,-7],[14,-5],[1,-1],[4,3],[12,-2],[6,-3],[9,6],[12,-4],[10,2],[5,-11],[1,-19],[-2,-8],[-14,-19],[18,-17],[1,-22],[9,-20],[4,-24],[6,-4],[18,3],[13,-4],[16,-16],[114,-156],[-7,-16],[0,0],[-11,-13],[7,-18],[-145,-108],[-21,-21],[-2,-2],[-13,0],[-9,-6],[-7,-9],[-3,-1],[-25,-6],[-9,-1],[-1,0],[-11,7],[-153,-71],[-17,1],[-14,-19],[-5,-10],[-1,-3],[-2,-3],[2,-3],[0,-7],[-1,-10],[-2,-3],[-16,-23],[-16,-43],[-4,-9],[-12,-12],[5,-177],[-142,-84],[-6,-7],[-1,-12],[-30,-55],[-4,-10],[-10,-10],[-21,-6],[-2,0],[-2,-13],[-14,-23],[-4,-11],[-9,-3],[-7,-15],[-2,-1],[-9,-6],[-34,-24],[-36,-52],[-11,-1],[0,0],[-23,43],[-176,172],[9,9],[0,10],[-6,7],[-62,-61],[-17,-18],[0,-2],[1,-2],[15,-27],[36,-123],[0,-14],[1,-2],[1,-2],[8,-4],[58,-75],[29,-26],[30,-4],[8,-5],[7,-21],[-30,-221],[6,-7],[3,0],[4,-1],[20,-31],[33,-38],[10,-10],[4,-6],[0,-8],[1,-32],[23,-370],[-97,-46],[-16,4],[-3,-2],[-6,-4],[-1,-2],[6,-16],[8,-19],[-5,-23]],[[37437,40710],[-216,-67],[-132,164],[-178,10],[-8,-217],[-152,5],[132,339],[-100,158],[-2,173],[-167,-18],[-88,68],[-55,-135],[-34,-45],[-65,15],[66,21],[65,191],[75,-65],[180,38],[-45,113],[117,244],[-176,-30],[-69,125],[103,109],[96,-80],[92,55],[4,163],[164,45],[-114,151],[-156,104],[59,173],[0,0],[0,1],[-112,35],[-204,-74],[-179,95],[150,137],[-110,155],[23,158],[93,186],[-148,49],[-278,23],[-74,-130],[-167,-101],[-213,-65],[-143,-169],[-101,71],[77,143],[127,113],[523,197],[194,134],[277,164],[106,208],[197,165],[112,1],[187,108],[284,235],[151,342],[-49,135],[6,136],[89,94],[0,239],[172,30],[50,171],[19,244],[137,87],[218,192],[200,25],[27,243],[210,-2],[88,-199],[82,-51],[169,-375],[111,-156],[172,-101],[363,113],[139,148],[195,51],[137,-72],[125,32],[248,-8],[144,-70],[98,29],[318,320]],[[38811,47156],[177,-197],[-28,-205],[-192,-23],[-159,-86],[-48,86],[184,157],[-37,127],[103,141]],[[38910,46665],[121,-17],[70,-162],[-168,-205],[-92,107],[80,111],[-11,166]],[[39183,46884],[60,-225],[-163,-6],[-86,163],[189,68]],[[43799,43628],[-190,-297],[-82,-202],[-90,-195],[-120,-708],[-165,218],[-398,386],[-16,161],[-75,46],[-70,25],[-143,86],[-131,216],[-392,108],[-193,3],[-80,95],[-260,-10],[-310,-68],[-470,-289],[-182,-97],[9,-43],[32,-40],[-137,-73],[-237,-15],[-82,-102],[-166,-4],[-73,-174],[-98,-88],[73,-397],[-174,-400],[-73,69],[-112,-151],[-101,-198],[-251,-259],[-130,-1],[-108,-123],[-40,-146],[-18,-229],[55,-92],[1,-145],[-224,-99],[50,-281],[147,-62],[78,-272],[-87,-30],[-336,307],[-197,12],[-179,-177],[-111,19],[-112,-20],[-193,199],[-257,-120],[-38,150],[131,145],[2,132],[153,112],[13,195],[-205,5]],[[30732,45259],[120,200],[216,148],[83,-61],[-131,-270],[55,-46],[-103,-210],[15,-161],[141,-202],[-53,-83],[161,-286],[157,-256],[306,-83],[75,0]],[[31774,43949],[-23,-43],[-7,-20],[2,-35],[-18,-21],[-3,-14],[0,0],[-1,-29],[70,-107],[-94,-148],[32,-73],[11,-23],[0,-1],[-1,-1],[-25,-6],[-252,3],[-5,-3],[-1,-1],[-10,-3],[-5,-1],[-7,-1],[-4,0],[-2,9],[-87,3],[-16,-1],[-2,1],[-4,3],[-2,6],[-17,5],[-125,39],[-5,2],[-2,-4],[-13,-24],[-24,-1],[-8,-5],[-2,-7],[-6,-5],[-12,6],[-33,8],[-7,1],[-16,-10],[-22,-8],[-7,3],[0,0],[-13,-8],[-20,2],[-17,-3],[-8,-8],[-9,-1],[-11,-22],[-54,-41],[-10,-8],[-11,-9],[-2,-2],[0,0],[-12,-2],[-15,-8],[-2,-1],[-2,-8],[-44,-93],[-4,-10],[-4,-10],[-8,-9],[-7,-2],[-18,-5],[-57,-33],[-18,0],[-3,-6],[-17,-8],[7,-11],[3,-24],[-7,-21],[-1,-2],[-15,-18],[-23,-226],[2,-10],[-10,-6],[-18,-1],[-1,-9],[-4,8],[-36,-7],[-12,3],[-3,0],[-4,-1],[-14,-18],[0,-1],[2,-5],[-96,-133],[2,-5],[6,-12],[3,-2],[15,-13],[7,-15],[5,0],[-1,24],[15,-4],[3,-2],[10,-15],[50,-176],[0,-8],[4,-8],[0,-2],[0,-4],[-9,-13],[-6,-102],[20,2],[2,-18],[-5,-7],[-5,-3],[-6,-4],[-11,4],[-13,0],[-10,3],[-2,-1],[-4,-1],[-8,-8],[-62,-16],[-10,7],[-2,-3],[-14,-2],[-15,-19],[1,-17],[5,-61],[19,-14],[7,1],[13,-110],[192,-122],[-41,-70],[-7,-7],[11,-17],[12,-55],[-10,-10],[-9,-9],[-2,0],[-3,2],[-10,-12],[-1,-3],[1,-17],[-120,-180]],[[30442,41542],[-60,7],[-15,4],[-7,33],[-1,4],[-8,-2],[-175,49],[-140,136],[-8,5],[-1,0],[-17,0],[-142,45],[-6,2],[-9,12],[-7,10],[-20,10],[-8,-17],[5,-5],[-3,-12],[-20,-13],[-5,-11],[-5,-3],[-9,-5],[-3,-2],[-4,-8],[-1,-19],[4,-20],[-4,-16],[10,-21],[-39,-112],[-15,2],[0,-2],[0,-14],[14,-3],[4,-9],[-13,-4],[-2,-1],[-8,7],[-31,4],[0,7],[-16,0],[-6,6],[0,0],[-6,-3],[-2,-3],[-2,-3],[-2,0],[-2,0],[-6,5],[-3,3],[-5,1],[-6,-2],[-5,-8],[-6,3],[-163,19],[-9,-5],[-4,0],[-8,5],[-36,-34],[-1,-10],[-11,-4],[-10,-2],[-13,-6],[0,0],[3,-18],[8,-48],[5,-15],[-22,-5],[-5,-1],[-12,2],[-30,-15],[1,-8],[-1,-1],[-3,-1],[-3,0],[-9,7],[-3,-1],[-4,-1],[-1,-2],[-182,-152],[80,-164],[1,-10],[-6,-1],[-8,-13],[0,-7],[-13,0],[-8,-6],[1,-11],[-11,4],[-19,8],[-15,-7],[-228,1],[-33,1],[-4,0],[-48,-14]],[[28802,41064],[34,128],[-19,199],[-25,69],[-215,252]],[[28577,41712],[0,63],[-12,64],[-2,14],[0,2],[4,45],[-49,38],[-3,69],[0,8],[2,5],[5,6],[4,4],[4,2],[5,2],[28,0],[39,30],[24,12],[6,2],[28,11],[3,2],[1,2],[2,36],[-22,18],[-11,16],[-1,5],[-1,6],[1,2],[10,13],[2,11],[3,0],[4,2],[8,-5],[5,-8],[1,-2],[20,-4],[5,-1],[14,74],[3,11],[3,3],[5,4],[2,1],[5,-2],[33,-53],[29,5],[8,5],[10,7],[6,8],[4,8],[10,28],[-9,20],[1,12],[1,1],[1,3],[12,12],[14,0],[7,-5],[6,4],[0,5],[11,37],[-2,22],[-3,6],[-9,6],[-2,9],[1,1],[16,12],[44,-133],[12,-1],[10,3],[5,3],[3,3],[2,15],[-10,28],[0,3],[2,13],[17,22],[6,3],[15,-3],[3,1],[17,6],[8,3],[3,3],[4,6],[1,3],[-1,4],[-6,8],[17,67],[32,-1],[19,4],[2,2],[20,51],[0,2],[-8,13],[-15,4],[-11,7],[-1,1],[-13,18],[0,4],[3,7],[5,7],[3,5],[6,3],[9,5],[2,1],[7,-1],[4,0],[12,-14],[168,67],[8,-4],[23,111],[0,129],[0,0],[-1,13],[-2,114],[-16,80],[-2,3],[-11,12],[-10,-1],[-10,8],[-14,6],[-10,7],[-4,1],[-2,0],[-13,0],[-4,8],[-15,8],[-5,-1],[-20,-14],[-9,3],[-8,-6],[-125,-59],[-13,-15],[-6,-5],[-5,-3],[0,0],[-5,1],[-13,-14],[2,-11],[-2,-15],[-2,0],[-19,0],[-8,-5],[-41,-35],[5,-7],[-1,-2],[-8,-16],[-5,-4],[-2,-2],[3,-13],[2,-6],[0,0],[-8,-7],[-5,-2],[-11,0],[-14,-8],[-6,4],[-17,3],[-15,12],[-20,-24],[-10,-4],[-12,18],[0,15],[-11,66],[-5,6],[0,7],[-4,7],[-5,2],[-1,4],[-7,-1],[-3,4],[-1,2],[0,2],[4,8],[-4,5],[-4,5],[-3,1],[-2,2],[0,-3],[-3,-1],[-1,-1],[-18,-2],[-3,0],[-9,10],[-34,-16],[-1,10],[-5,7],[-3,4],[-20,18],[-97,55],[-7,-2],[-9,4],[-6,-3],[-13,2],[-1,13],[-51,38],[-6,10],[-1,1],[-18,2],[-10,-3],[-1,3],[-3,11],[-2,1],[-10,4],[-14,5],[-13,-9],[-5,4],[-88,65],[-2,8],[-3,3],[-9,6],[-10,-1],[-1,0],[-4,2],[-211,0],[-6,0],[-2,1],[-7,3],[-33,4],[-1,-1],[-7,-6],[-5,2],[-7,3],[0,0],[-2,-8],[-44,-40],[-2,-12],[-8,-5],[-4,-3],[-3,0],[-18,0],[-6,-3],[-5,6],[-23,2],[0,0],[0,0],[-15,7],[-4,15],[-6,1],[-11,13],[-5,1],[-1,0],[-4,5],[-454,-31]],[[27356,43260],[37,118],[301,70],[105,126],[-132,177],[162,169],[-18,84],[179,35],[79,-8],[107,-177],[157,-77],[80,84],[115,-11],[52,4],[155,32],[12,47],[20,182],[111,61],[-60,100],[-77,-73],[-119,-29],[-39,-100],[-122,74],[153,44],[135,90],[92,108],[88,67],[78,135],[-84,176],[112,138],[25,138],[106,27],[126,135],[136,-28],[227,32],[147,154],[102,99],[413,-36],[28,-138],[-235,-113],[-36,46],[23,-66],[123,20],[95,31],[69,168],[102,-66],[79,45],[167,-95]],[[28577,41712],[-261,30],[-142,204],[-77,9],[-33,-126],[-284,-248],[-75,25],[-7,-67],[162,-246],[128,-435]],[[27988,40858],[-385,76],[-10,-2],[-21,5],[-24,-6],[-8,4],[-1,2],[-3,18],[-33,35],[-4,5],[0,0],[-12,1],[-45,-9],[-11,8],[-17,19],[-11,4],[2,9],[-9,16],[-9,17],[-7,6],[-3,6],[-6,0],[-1,0],[-1,1],[-7,9],[-9,11],[-39,18],[4,15],[-3,10],[3,5],[-6,7],[-13,5],[-29,-17],[-6,-1],[-17,10],[-9,0],[-10,25],[-19,4],[-23,52],[-5,9],[1,13],[9,15],[-7,15],[-30,25],[-16,19],[-8,4],[-181,141],[-23,9],[-19,2],[15,36],[-2,10],[3,8],[0,1],[-4,14],[-1,2],[0,1],[5,9],[14,7],[10,9],[7,-1],[15,8],[9,1],[25,-12],[6,2],[1,-1],[8,-2],[1,1],[7,13],[6,11],[7,12],[-52,218],[-8,-1],[-7,4],[-5,0],[-6,-3],[-7,-5],[-167,-21],[-3,-10],[-7,-2],[-2,-1],[-7,24],[-21,5],[-7,-1],[-1,1],[-7,12],[-1,0],[-15,1],[-1,1],[-1,2],[-1,4],[-11,12],[-43,8],[-15,20],[-5,7],[-2,2],[-14,3],[-12,-5],[-10,1],[-14,-8],[-86,44],[-28,215],[2,4],[8,4],[4,5],[2,11],[0,5],[0,0],[6,13],[-4,6],[-1,9],[-3,3],[-14,-1],[-2,1],[-5,6],[-18,20],[-1,5],[-89,82],[-7,11],[-1,3],[-1,1],[-6,15],[-14,32],[-16,26],[-8,1],[-1,1],[-10,19],[25,126],[-2,12],[1,2],[26,49],[56,46]],[[26400,42651],[156,-206],[59,147],[12,180],[66,127],[-324,273],[88,158],[177,-177],[22,82],[-107,190],[105,29],[-2,103],[155,76],[280,-179],[-97,-85],[92,-176],[226,-38],[48,105]],[[27988,40858],[-4,-138],[-189,-141],[82,-136],[81,-103],[185,128],[208,28],[86,-67],[83,-57],[140,-310],[-32,-234],[-90,-148],[13,-154],[-188,-110],[-92,12],[-220,-227],[-175,27],[-171,139],[-2,69],[22,120],[199,125],[91,167],[-119,240],[-135,7],[-232,-10],[-226,-165],[-145,2],[-231,-179],[-122,-273],[-235,-143],[-18,-91],[-147,-129],[0,1],[0,-1],[-97,44],[192,297],[-1,190],[96,112],[-150,252],[-108,105],[-287,166],[-122,289],[-64,169],[-105,99],[11,126],[105,104],[17,179],[88,280],[184,-112],[62,-183],[196,-128],[97,-118],[-60,-102],[12,-8],[1,12],[0,-12],[35,-63],[-35,-273],[-48,-85],[180,-133],[33,85],[57,-67],[54,108],[-9,49],[44,-41],[226,-36],[123,-108],[87,16],[-148,138],[-134,250],[-7,198],[80,103],[-15,118],[-264,228],[-283,17],[-59,164],[32,46],[6,94],[-15,27],[-34,24],[-72,5],[-25,-21],[-124,-33],[-160,23],[-31,124],[-119,36],[9,167],[-49,80],[-123,-63],[-146,29],[8,236],[150,222],[-127,-29],[9,336],[213,-85],[165,108],[8,-151],[171,-12],[90,77],[175,-125]],[[23846,42473],[85,-152],[-93,-108],[-100,8],[-94,115],[202,137]],[[26314,41726],[94,-23],[6,-121],[-31,-40],[26,-101],[-190,-78],[-49,176],[61,103],[83,84]],[[25028,43108],[1,-389],[-108,76],[107,313]],[[25490,42975],[12,-171],[-124,-276],[-114,-147],[20,-111],[-146,-213],[-175,-143],[-91,14],[-57,166],[76,86],[19,148],[164,119],[-36,239],[232,35],[110,173],[110,81]],[[25497,43450],[86,-101],[-97,-92],[-100,141],[111,52]],[[26422,43000],[140,-46],[-79,-266],[-61,312]],[[24144,47305],[179,-124],[367,-36],[-123,-253],[-69,-284],[-166,-345],[-134,-62],[-200,213],[46,365],[100,526]],[[25086,49064],[112,-69],[44,-231],[-74,-172],[19,-98],[-59,-222],[-308,-385],[-52,-300],[100,-137],[-56,-209],[-96,-104],[-108,258],[-90,-46],[-110,162],[-3,424],[201,403],[-149,83],[75,92],[52,274],[228,-22],[139,187],[135,112]],[[26067,45107],[264,-101],[-67,-167],[119,-88],[-2,-205],[-182,-27],[-86,-147],[-259,207],[85,408],[128,120]],[[22616,40101],[1,-108],[103,-122],[44,-242],[193,-216],[-17,-46],[-289,-18],[-42,87],[-160,-81],[99,-162],[-70,-137],[-135,147],[-330,-66],[-208,96],[41,80],[224,74],[-72,240],[18,202],[-44,101],[71,101],[142,-73],[-14,-102],[215,32],[230,213]],[[22828,40324],[124,-95],[31,-133],[-96,-153],[-156,74],[-4,277],[101,30]],[[23127,40510],[79,-164],[-83,-234],[-93,331],[97,67]],[[23565,42085],[98,-136],[-133,-29],[35,165]],[[23311,40738],[133,-95],[25,-274],[-190,55],[-62,143],[94,171]],[[23790,41824],[-41,-188],[69,-80],[-121,-426],[32,-170],[308,124],[18,-165],[-273,-142],[-111,-209],[18,-193],[-157,-124],[22,382],[-95,238],[79,149],[-8,197],[127,-3],[25,197],[85,55],[-32,174],[55,184]],[[30442,41542],[13,-48],[5,-3],[1,-1],[4,-4],[58,15],[11,-1],[0,-1],[1,-6],[137,-140],[182,-52],[30,-20],[6,-4],[7,-9],[4,-7],[2,-19],[0,-9],[1,-12],[41,-56],[25,-4],[1,9],[1,0],[27,-5],[15,-1],[9,1],[1,0],[10,11],[9,2],[10,8],[0,0],[4,6],[0,5],[14,9],[1,2],[2,10],[36,159],[-9,4],[0,3],[1,7],[5,20],[39,70],[-13,4],[-1,2],[-2,8],[-11,25],[-142,201],[7,7],[14,-6],[1,2],[1,2],[-12,22],[10,27],[-7,7],[-1,3],[0,6],[1,2],[11,16],[0,12],[5,9],[-3,16],[11,15],[2,19],[3,3],[11,3],[2,2],[-2,9],[-3,9],[1,4],[2,3],[6,3],[15,-11],[17,-3],[5,-5],[9,-10],[17,5],[104,66],[5,6],[7,1],[11,1],[20,-1],[44,4],[15,-9],[12,-7],[2,-2],[10,-2],[45,-9],[0,-1],[3,-3],[13,-4],[30,-8],[4,-1],[5,1],[4,2],[4,4],[5,5],[1,0],[20,-6],[16,-13],[8,-2],[0,-1],[22,-21],[3,-25],[4,-16],[2,-3],[3,-3],[4,-4],[3,0],[24,-4],[11,-4],[117,-119],[40,-159],[6,-11],[0,0],[-3,-20],[9,-17],[-7,-24],[-2,-7],[-1,-3],[4,-12],[1,-6],[9,-20],[9,-10],[21,-11],[8,-13],[1,-1],[1,0],[4,3],[10,-4],[-1,6],[10,5],[5,7],[20,-19],[-3,-4],[-4,-8],[11,-15],[19,-25],[73,-212],[124,-170],[5,-7],[3,-4],[14,-2],[7,-5],[1,-6],[-2,-8],[-4,-9],[-2,-8],[-5,-8],[-6,-10],[-5,-1],[-4,-14],[-1,0],[-20,-2],[-9,4],[-5,-4],[-3,-11],[-1,0],[0,0],[0,-10],[26,-220],[2,-15],[2,-3],[2,-7],[0,-5],[0,-21],[-5,-14],[5,-15],[11,-35],[26,-38],[1,0],[9,1],[2,1],[1,0],[4,4],[10,0],[159,-138],[7,-1],[5,-7],[46,-60],[1,-15],[7,-2]],[[32329,40269],[-25,-20],[-35,-1],[-10,-2],[-38,7],[-18,-4],[-21,-4],[-1,0],[-4,4],[-3,7],[-121,-57],[-82,-292],[-9,-12],[3,-4],[0,-1],[1,-15],[-5,-8],[4,-14],[-14,-2],[-45,-41],[-17,-22],[-11,-8],[-87,-33],[-104,-235],[-138,-83],[-31,-100],[3,-15],[-9,-23],[4,-106],[4,-14],[-13,-11],[-41,-54],[7,-8],[3,-3],[0,-6],[-12,-10],[-23,-5],[-4,0],[-20,4],[-6,-3],[-122,33],[-21,10],[-9,-1],[-11,-12],[-11,-3],[-24,-65],[-7,-25],[-1,-9],[-71,-66],[-5,-12],[4,-24],[-47,-227],[0,-16],[3,-7],[9,-19],[5,-10],[10,-11],[13,-60],[-15,-27],[14,-8],[-4,-19],[91,-186],[15,-36],[18,-5],[77,1],[29,-183],[-6,-11],[1,-25],[145,-145],[-42,-85],[-5,-4],[-14,-26],[-66,-98],[-2,-15],[-12,-4],[-71,27],[-12,5],[-1,0],[-5,-2],[-5,-3],[-1,-1],[-1,-3],[-3,-10],[17,-76],[-13,-12],[-16,-1],[-5,-4],[-3,-1],[-8,-18],[-3,-6],[4,-47],[17,-18],[8,5],[21,2],[9,0],[24,-17],[24,-65],[-4,-6],[1,-4],[1,-2],[3,-2],[3,-1],[13,-5],[88,-96],[15,-10],[-2,-28],[17,-18],[-6,-13],[2,-5],[-5,-8],[-3,-38],[5,-9],[-2,-7],[-3,-9],[5,-5],[19,-27],[4,-23],[1,-3],[0,-1],[-3,-1],[-12,-5],[-10,-4],[-1,0],[-7,-11],[-11,-8],[-1,-5],[0,-3],[-12,5],[-131,13],[-5,-6],[-14,11],[-156,76],[-6,4],[-11,-3],[-48,-66],[-12,-6],[-2,-1],[-7,-1],[0,0],[13,-9],[0,-8],[-1,-11],[-11,-18],[-13,-7],[-13,-16],[-8,1],[-85,-109],[-16,-15],[-7,-6],[-4,-1],[-5,0],[-8,2],[-10,3],[-17,15],[-66,14],[-7,0],[-1,0],[-16,9],[-10,-1],[-10,5],[-3,10],[-5,12],[0,0],[-1,1],[-7,-3],[-3,-1],[-2,0],[-7,11],[-9,8],[-10,-7],[-73,-41],[-13,-9],[-11,-1],[0,0],[-8,-21],[-20,-9],[-7,0],[-2,0],[-8,-16],[-3,-18],[-14,-27],[-9,-1],[-11,-9],[-7,3],[-427,-3],[-10,-8],[-12,15],[4,18],[-6,8],[-52,-27],[-16,-1]],[[29983,36831],[-1,0],[-15,7],[-222,145],[-15,12],[-2,8],[0,1],[3,16],[-14,48],[-54,17],[-12,-4],[-13,10],[-57,73],[1,9],[-4,3],[-8,14],[-4,22],[-1,8],[-7,14],[-2,1],[-3,2],[-11,-3],[-3,0],[-9,4],[-37,-4],[-7,-3],[13,-11],[0,-7],[-48,-128],[-140,-26],[-17,0],[-3,-12],[-227,-34],[-17,-2],[-4,-1],[-2,-6],[4,-13],[-7,-27],[4,-10],[-4,-13],[1,-8],[0,-1],[-8,-2],[-1,-15],[-24,-14],[-5,3],[-243,18],[-142,199],[-19,28]],[[28597,37149],[127,276],[160,1],[-9,169],[118,63],[8,204],[112,234],[166,188],[138,138],[-34,171],[-130,207],[120,83],[179,260],[92,42],[33,56],[-18,99],[-222,-64],[-146,14],[-286,-93],[-55,103],[186,106],[143,74],[115,161],[153,78],[-6,180],[25,205],[-158,239],[-188,23],[17,108],[-193,135],[-144,72],[7,106],[-105,277]],[[28559,38248],[11,13],[-174,-45],[-322,76],[-80,185],[297,153],[131,158],[173,50],[112,-67],[4,-29],[-5,-15],[5,-5],[-5,-8],[124,100],[134,-38],[-72,-135],[-71,-266],[-143,-199],[-133,52],[14,20]],[[28960,39118],[-18,-129],[-220,132],[182,174],[56,-177]],[[27660,38910],[226,33],[54,-38],[59,-300],[-34,-94],[111,-422],[-154,-259],[-104,40],[-160,-234],[-59,-174],[-85,-93],[-183,-72],[-161,-13],[88,166],[-164,77],[154,232],[-58,39],[-81,231],[78,112],[97,268],[176,371],[200,130]],[[31774,43949],[282,-63],[78,-106],[194,7],[382,-69],[-17,114],[351,364],[114,37],[160,71],[236,-138],[54,34],[153,-265],[126,-155],[36,-190],[-41,-109],[24,-245],[-77,-80],[-60,-192],[-256,75],[26,-225],[-102,-14],[-90,-115],[-169,12],[-42,72],[-165,-88],[39,-296],[45,-86],[275,-93],[38,52],[358,107],[164,-107],[300,-59],[0,0],[0,0],[242,88],[111,1],[-212,-351],[-152,-235],[144,-94],[247,39],[13,-17],[-54,-24],[-27,-51],[-115,-82],[211,-93],[62,52],[257,-51],[22,-43],[-125,-68],[-122,35],[-205,-285],[341,-246],[122,-36],[-13,-195],[-187,-256],[-81,-246],[-191,13],[-72,-58],[62,-131]],[[34468,39865],[-147,-42],[-8,181],[55,184],[2,16],[0,5],[-3,7],[-7,4],[-5,3],[-28,-26],[-233,61],[-1,14],[-17,1],[-33,8],[-21,7],[-1,6],[-126,-34],[-90,-270],[-139,-24],[-323,32],[-93,-100],[-193,64],[-23,9],[-1,0],[-4,5],[0,7],[-10,10],[0,0],[6,16],[-7,17],[3,16],[7,26],[10,9],[1,3],[11,27],[3,10],[0,1],[-21,17],[-131,137],[-10,16],[-7,-4],[-16,-12],[-10,-4],[-9,-8],[-166,-90],[-20,6],[-201,-46],[-24,5],[-20,20],[-11,75],[-7,5],[-1,7],[-2,4],[-26,25],[-17,-3],[-19,3],[-3,-1],[-3,-1]],[[34713,42331],[0,0],[-31,23],[64,10],[-33,-33]],[[34468,39865],[-97,-64],[-158,-199],[-216,-154],[39,-73],[-128,-242],[-124,-26],[-95,-212],[21,-127],[155,-78],[-148,-129],[-151,-54],[104,-169],[-127,-63],[-202,-480],[-73,-320],[-2,-20],[-15,-18],[-23,-61],[-74,-279],[-94,-327],[-49,-194],[-188,-737],[-23,-258],[33,-120],[109,-111],[-80,-172],[0,-130],[-64,-186],[66,-169],[-172,-167],[-93,-147],[-101,-340],[35,-57],[-75,-103],[34,-197],[-147,-148],[-273,-90],[-64,32],[-103,252],[-225,112]],[[31680,33840],[0,0],[8,8],[33,171],[98,46],[-25,217],[57,104],[-70,110],[-3,12],[-1,15],[4,29],[11,11],[-4,4],[1,17],[0,0],[-4,12],[-21,5],[-12,4],[-4,4],[-1,2],[0,9],[-1,2],[-15,10],[-17,5],[0,0],[1,5],[-7,13],[-7,5],[-8,5],[-2,-10],[0,-1],[-3,-3],[-186,-27],[-137,139],[-96,-126],[-103,165],[-56,209],[7,168],[-90,105],[-6,30],[-12,12],[-221,29],[-109,68],[-17,15],[-7,-1],[-17,12],[-14,2],[-10,-6],[-4,6],[-6,14],[-1,2],[0,14],[42,261],[4,22],[2,12],[3,9],[18,14],[28,20],[13,-8],[2,-1],[6,2],[3,2],[4,7],[-1,2],[-13,8],[-33,-8],[-4,-1],[-14,9],[-22,51],[5,6],[0,2],[-5,8],[-13,17],[-86,133],[-16,0],[-1,0],[-2,1],[-8,4],[-1,2],[-5,12],[-35,10],[-13,-2],[-13,14],[-14,-5],[-22,-1],[-60,-1],[-1,0],[-2,2],[-3,8],[-1,1],[-13,6],[-40,22],[-4,2],[-1,32],[-44,96],[-17,12],[-1,1],[-5,14],[-1,2],[-3,41],[-14,111],[-120,122],[-14,1],[-6,5],[0,6],[-4,1],[-4,5],[-9,10],[-127,47],[-2,4],[56,170],[11,15],[2,4],[-2,9]],[[31680,33840],[-194,59],[-194,-141],[-154,-241],[-15,-169],[335,-118],[-105,-253],[206,-14],[-247,-233],[-187,4],[-148,-363],[-299,-177],[-92,-67],[-265,-54],[-118,-100],[-213,-98],[-111,-108],[-60,187],[-76,66],[331,261],[87,230],[3,210],[79,109],[19,221],[37,194],[-164,366],[-101,159],[-136,61],[-29,128],[61,245],[-22,73],[-242,-54],[-182,205],[129,145],[209,45],[150,-175],[-42,-164],[231,30],[79,105],[53,216],[85,131],[-118,202],[-225,21],[-76,97],[-150,22],[-236,-169],[-11,-112],[-37,-196],[-150,-159],[28,-111],[-114,-181],[-85,-457],[178,-541],[70,-91],[150,-126],[171,-47],[-62,-101],[-39,-259],[-149,-34],[-80,-80],[-99,60],[-178,-14],[0,180],[-189,178],[-351,2],[-325,73],[-85,-53],[-133,-23],[-5,256],[-64,196],[-221,177],[-64,149],[120,85],[76,-116],[149,-37],[178,115],[160,300],[85,414],[-23,235],[-52,139],[-214,296],[-305,270],[-55,72],[221,550],[-15,79],[-43,205],[-115,133],[94,178],[-17,182],[-90,134],[222,106],[204,-89],[255,124],[33,154]],[[30864,29952],[-28,176],[124,170],[130,262],[-20,81],[180,242],[85,-171],[22,-438],[-101,-226],[16,-241],[-86,-81],[-42,-156],[-86,-27],[-143,-323],[3,-127],[60,-235],[-50,-135],[-95,10],[-275,-135],[-48,114],[32,204],[-56,155],[124,146],[127,199],[143,336],[-16,200]],[[26379,35378],[47,-88],[-111,-280],[-169,-204],[-33,-164],[-194,31],[119,354],[305,117],[36,234]],[[26637,35809],[225,-188],[56,-110],[-197,-54],[-40,118],[-177,126],[133,108]],[[25097,19425],[0,0],[224,82],[117,228],[109,-12],[104,-100],[181,-15],[118,137],[-68,94],[80,211],[161,-411],[-39,-84],[-146,-52],[-24,-58],[-119,40],[-89,-68],[-154,-218],[-147,-100],[20,-83],[-202,-81],[-200,-191],[136,-119],[-149,-139],[-92,1],[-184,-271],[-149,4],[-86,162],[-191,200],[-131,62],[-148,0],[-157,132],[304,35],[75,98],[-75,81],[180,105],[204,59],[99,154],[119,-61],[100,138],[102,17],[106,-30],[11,53],[0,0]],[[26972,30966],[98,-97],[-127,-87],[-63,126],[92,58]],[[26201,25429],[-19,-207],[-173,-27],[-20,146],[212,88]],[[26635,26420],[158,-64],[9,-120],[-135,-103],[-101,177],[69,110]],[[27879,37434],[69,-140],[-113,-512],[-194,165],[15,113],[-78,181],[52,133],[129,-33],[120,93]],[[28196,37794],[-32,-177],[-132,60],[164,117]],[[27769,29270],[343,-95],[119,-145],[-204,-78],[-171,164],[-87,154]],[[29127,29171],[174,-103],[214,-176],[152,-41],[127,-121],[-58,-339],[-274,-296],[-179,-46],[-370,29],[-92,158],[-147,381],[-10,192],[159,20],[199,306],[105,36]],[[24159,18523],[10,-176],[145,-62],[177,-202],[176,29],[-5,-176],[-91,-28],[-217,167],[-137,-33],[-34,167],[-112,120],[88,194]],[[27280,19354],[42,-124],[-81,-75],[-119,-224],[-100,-61],[-143,99],[32,130],[118,35],[251,220]],[[22998,17073],[239,2],[-5,-354],[263,-227],[-75,-260],[-75,-85],[-42,-120],[-197,-43],[-75,165],[-138,124],[87,142],[-95,354],[39,228],[74,74]],[[21725,14766],[383,60],[-205,-243],[-121,-119],[-132,-36],[-103,91],[-44,129],[44,133],[178,-15]],[[21164,13202],[101,-204],[-177,17],[-66,91],[142,96]],[[18888,10231],[9,-17],[-10,-122],[154,-138],[-32,-67],[151,-170],[-50,-100],[-145,185],[-73,-44],[-53,-143],[-56,-66],[-140,-249],[-31,-139],[24,-88],[173,14],[35,-101],[-143,-165],[-119,-42],[-121,-125],[-191,-114],[-95,47],[61,321],[-110,112],[-49,6],[42,118],[149,109],[-46,90],[24,0],[53,-18],[137,143],[126,104],[-43,224],[-29,90],[-87,197],[102,78],[111,113],[112,-29],[41,107],[136,95],[99,139],[173,23],[49,73],[180,130],[15,138],[-192,90],[-115,-9],[-77,144],[40,129],[-63,98],[23,118],[147,-36],[131,29],[171,-148],[-31,-142],[138,-90],[215,87],[151,271],[136,62],[10,123],[101,31],[154,185],[147,365],[226,-252],[23,-164],[-33,-164],[-204,-355],[-115,-175],[-345,-38],[-65,-139],[43,-171],[-200,-92],[-105,70],[-38,-143],[-204,-54],[-29,-161],[-178,-40],[-77,-130],[-208,87],[-110,-105]],[[5304,1670],[89,-33],[-20,-159],[-98,-184],[-223,-325],[30,-233],[-34,-246],[-124,-29],[-140,-112],[-271,172],[105,93],[19,123],[-93,101],[-147,-67],[-8,124],[232,43],[156,-33],[158,92],[43,138],[98,101],[68,-70],[160,504]],[[8568,2860],[186,-98],[39,-143],[-104,-42],[-145,145],[24,138]],[[8970,3088],[121,-190],[124,-321],[222,-101],[47,-78],[152,-57],[-37,-119],[-233,0],[-238,-84],[-181,108],[79,140],[-101,142],[91,95],[60,163],[-86,143],[-20,159]],[[18758,11658],[79,-137],[-273,-4],[6,133],[188,8]],[[31987,7588],[126,-91],[-70,-171],[-159,27],[44,225],[59,10]],[[19576,13329],[-111,-239],[-225,-107],[243,318],[93,28]],[[19259,12674],[62,-194],[-93,-4],[-51,152],[82,46]],[[14771,10022],[195,-208],[-166,-196],[-48,115],[-200,116],[-17,82],[236,91]],[[6819,1962],[0,-167],[-129,18],[28,148],[101,1]],[[3249,851],[120,-204],[208,48],[270,-181],[-152,-304],[-138,-210],[-118,75],[-589,57],[-69,113],[158,118],[102,-11],[93,103],[-8,237],[123,159]],[[257,1023],[119,-52],[-104,-123],[-272,34],[86,134],[171,7]]],"transform":{"scale":[0.00025949888498884977,0.00021298726987269874],"translate":[122.940133,24.256229]},"objects":{"japan":{"type":"GeometryCollection","geometries":[{"arcs":[[[0]],[[1]],[[2]],[[3]],[[4]],[[5]],[[6]],[[7]],[[8]]],"type":"MultiPolygon","properties":{"nam":"Hokkai Do","nam_ja":"北海道","id":1}},{"arcs":[[9,10,11,12]],"type":"Polygon","properties":{"nam":"Aomori Ken","nam_ja":"青森県","id":2}},{"arcs":[[-11,13,14,15]],"type":"Polygon","properties":{"nam":"Iwate Ken","nam_ja":"岩手県","id":3}},{"arcs":[[-15,16,17,18,19]],"type":"Polygon","properties":{"nam":"Miyagi Ken","nam_ja":"宮城県","id":4}},{"arcs":[[-12,-16,-20,20,21]],"type":"Polygon","properties":{"nam":"Akita Ken","nam_ja":"秋田県","id":5}},{"arcs":[[-19,22,23,24,-21]],"type":"Polygon","properties":{"nam":"Yamagata Ken","nam_ja":"山形県","id":6}},{"arcs":[[-18,25,26,27,28,29,-23]],"type":"Polygon","properties":{"nam":"Fukushima Ken","nam_ja":"福島県","id":7}},{"arcs":[[-27,30,31,32,33]],"type":"Polygon","properties":{"nam":"Ibaraki Ken","nam_ja":"茨城県","id":8}},{"arcs":[[-28,-34,34,35]],"type":"Polygon","properties":{"nam":"Tochigi Ken","nam_ja":"栃木県","id":9}},{"arcs":[[-29,-36,36,37,38]],"type":"Polygon","properties":{"nam":"Gunma Ken","nam_ja":"群馬県","id":10}},{"arcs":[[-33,39,40,41,42,-37,-35]],"type":"Polygon","properties":{"nam":"Saitama Ken","nam_ja":"埼玉県","id":11}},{"arcs":[[-32,43,44,-40]],"type":"Polygon","properties":{"nam":"Chiba Ken","nam_ja":"千葉県","id":12}},{"arcs":[[[45]],[[-41,-45,46,47,48]],[[49]],[[50]],[[51]],[[52]],[[53]],[[54]],[[55]],[[56]],[[57]],[[58]]],"type":"MultiPolygon","properties":{"nam":"Tokyo To","nam_ja":"東京都","id":13}},{"arcs":[[-48,59,60,61]],"type":"Polygon","properties":{"nam":"Kanagawa Ken","nam_ja":"神奈川県","id":14}},{"arcs":[[[-24,-30,-39,62,63,64]],[[65]]],"type":"MultiPolygon","properties":{"nam":"Niigata Ken","nam_ja":"新潟県","id":15}},{"arcs":[[-64,66,67,68,69]],"type":"Polygon","properties":{"nam":"Toyama Ken","nam_ja":"富山県","id":16}},{"arcs":[[[-69,70,71,72]],[[73]]],"type":"MultiPolygon","properties":{"nam":"Ishikawa Ken","nam_ja":"石川県","id":17}},{"arcs":[[-72,74,75,76,77]],"type":"Polygon","properties":{"nam":"Fukui Ken","nam_ja":"福井県","id":18}},{"arcs":[[-42,-49,-62,78,79]],"type":"Polygon","properties":{"nam":"Yamanashi Ken","nam_ja":"山梨県","id":19}},{"arcs":[[-38,-43,-80,80,81,82,-67,-63]],"type":"Polygon","properties":{"nam":"Nagano Ken","nam_ja":"長野県","id":20}},{"arcs":[[-68,-83,83,84,85,-75,-71]],"type":"Polygon","properties":{"nam":"Gifu Ken","nam_ja":"岐阜県","id":21}},{"arcs":[[-61,86,87,-81,-79]],"type":"Polygon","properties":{"nam":"Shizuoka Ken","nam_ja":"静岡県","id":22}},{"arcs":[[-82,-88,88,89,-84]],"type":"Polygon","properties":{"nam":"Aichi Ken","nam_ja":"愛知県","id":23}},{"arcs":[[-85,-90,90,91,92,93,94,95,96,97,98]],"type":"Polygon","properties":{"nam":"Mie Ken","nam_ja":"三重県","id":24}},{"arcs":[[-76,-86,-99,99]],"type":"Polygon","properties":{"nam":"Shiga Ken","nam_ja":"滋賀県","id":25}},{"arcs":[[-77,-100,-98,100,101,102,103]],"type":"Polygon","properties":{"nam":"Kyoto Fu","nam_ja":"京都府","id":26}},{"arcs":[[[-102,104,105,106,107]],[[108]],[[109]]],"type":"MultiPolygon","properties":{"nam":"Osaka Fu","nam_ja":"大阪府","id":27}},{"arcs":[[[-103,-108,110,111,112,113]],[[114]]],"type":"MultiPolygon","properties":{"nam":"Hyogo Ken","nam_ja":"兵庫県","id":28}},{"arcs":[[-97,115,-95,116,-93,117,-105,-101]],"type":"Polygon","properties":{"nam":"Nara Ken","nam_ja":"奈良県","id":29}},{"arcs":[[[-92,118,-106,-118]],[[-94,-117]],[[-96,-116]]],"type":"MultiPolygon","properties":{"nam":"Wakayama Ken","nam_ja":"和歌山県","id":30}},{"arcs":[[-113,119,120,121,122]],"type":"Polygon","properties":{"nam":"Tottori Ken","nam_ja":"鳥取県","id":31}},{"arcs":[[[-122,123,124,125]],[[126]],[[127]],[[128]]],"type":"MultiPolygon","properties":{"nam":"Shimane Ken","nam_ja":"島根県","id":32}},{"arcs":[[-112,129,130,-120]],"type":"Polygon","properties":{"nam":"Okayama Ken","nam_ja":"岡山県","id":33}},{"arcs":[[[-121,-131,131,132,-124]],[[133]],[[134]],[[135]],[[136]],[[137]],[[138]],[[139]],[[140]],[[141]]],"type":"MultiPolygon","properties":{"nam":"Hiroshima Ken","nam_ja":"広島県","id":34}},{"arcs":[[[-125,-133,142]],[[143]]],"type":"MultiPolygon","properties":{"nam":"Yamaguchi Ken","nam_ja":"山口県","id":35}},{"arcs":[[144,145,146,147,148]],"type":"Polygon","properties":{"nam":"Tokushima Ken","nam_ja":"徳島県","id":36}},{"arcs":[[[-148,149,150]],[[151]],[[152]]],"type":"MultiPolygon","properties":{"nam":"Kagawa Ken","nam_ja":"香川県","id":37}},{"arcs":[[[153]],[[-147,154,155,-150]],[[156]],[[157]],[[158]]],"type":"MultiPolygon","properties":{"nam":"Ehime Ken","nam_ja":"愛媛県","id":38}},{"arcs":[[-146,159,-155]],"type":"Polygon","properties":{"nam":"Kochi Ken","nam_ja":"高知県","id":39}},{"arcs":[[160,161,162,163,164,165]],"type":"Polygon","properties":{"nam":"Fukuoka Ken","nam_ja":"福岡県","id":40}},{"arcs":[[-165,166,167,168]],"type":"Polygon","properties":{"nam":"Saga Ken","nam_ja":"佐賀県","id":41}},{"arcs":[[[-168,169]],[[170]],[[171]],[[172]],[[173]],[[174]],[[175]],[[176]],[[177]],[[178]],[[179]],[[180]],[[181]],[[182]],[[183]],[[184]]],"type":"MultiPolygon","properties":{"nam":"Nagasaki Ken","nam_ja":"長崎県","id":42}},{"arcs":[[[-163,185,186,187,188]],[[189]],[[190]],[[191]]],"type":"MultiPolygon","properties":{"nam":"Kumamoto Ken","nam_ja":"熊本県","id":43}},{"arcs":[[[-162,192,193,-186]],[[194]]],"type":"MultiPolygon","properties":{"nam":"Oita Ken","nam_ja":"大分県","id":44}},{"arcs":[[-187,-194,195,196]],"type":"Polygon","properties":{"nam":"Miyazaki Ken","nam_ja":"宮崎県","id":45}},{"arcs":[[[-188,-197,197]],[[198]],[[199]],[[200]],[[201]],[[202]],[[203]],[[204]],[[205]],[[206]],[[207]],[[208]],[[209]],[[210]],[[211]],[[212]],[[213]]],"type":"MultiPolygon","properties":{"nam":"Kagoshima Ken","nam_ja":"鹿児島県","id":46}},{"arcs":[[[214]],[[215]],[[216]],[[217]],[[218]],[[219]],[[220]],[[221]],[[222]],[[223]],[[224]],[[225]]],"type":"MultiPolygon","properties":{"nam":"Okinawa Ken","nam_ja":"沖縄県","id":47}}]}},"metadata":{"source":"国土数値情報（行政区域データ N03, 2025年）国土交通省 — 都道府県単位に結合・簡略化","sourceUrl":"https://nlftp.mlit.go.jp/ksj/gml/datalist/KsjTmplt-N03-2025.html","generatedBy":"scripts/build-basemap-japan.mjs"}}
